whale_ids,createdAt
3635,2020-06-03T16:49:42.406Z
6239,2020-06-03T16:49:42.406Z
3435,2020-06-03T16:49:42.406Z
5704,2020-06-03T16:49:42.406Z
5529,2020-06-03T16:49:42.406Z
5021,2020-06-03T16:49:42.406Z
6500,2021-02-23T13:46:10.537Z
5028,2020-06-03T16:49:42.406Z
3049,2020-06-03T16:49:42.406Z
5737,2020-06-03T16:49:42.406Z
5219,2020-06-03T16:49:42.406Z
2209,2020-06-03T16:49:42.406Z
3903,2020-06-03T16:49:42.406Z
5728,2020-06-03T16:49:42.406Z
5241,2020-06-03T16:49:42.406Z
5859,2020-06-03T16:49:42.406Z
5250,2020-06-03T16:49:42.406Z
3093,2020-06-03T16:49:42.406Z
3575,2020-06-03T16:49:42.406Z
3419,2020-06-03T16:49:42.406Z
6507,2021-02-28T14:05:02.916Z
5221,2020-06-03T16:49:42.406Z
3958,2020-06-03T16:49:42.406Z
5407,2020-06-03T16:49:42.406Z
3634,2020-06-03T16:49:42.406Z
3738,2020-06-03T16:49:42.406Z
6615,2021-03-13T13:15:06.162Z
6216,2020-06-03T16:49:42.406Z
3141,2020-06-03T16:49:42.406Z
6563,2021-03-06T18:57:56.472Z
2954,2020-06-03T16:49:42.406Z
5867,2020-06-03T16:49:42.406Z
5840,2020-06-03T16:49:42.406Z
5272,2020-06-03T16:49:42.406Z
6541,2021-03-06T11:37:17.681Z
1588,2020-06-03T16:49:42.406Z
3625,2020-06-03T16:49:42.406Z
3094,2020-06-03T16:49:42.406Z
3157,2020-06-03T16:49:42.406Z
3461,2020-06-03T16:49:42.406Z
5097,2020-06-03T16:49:42.406Z
5853,2020-06-03T16:49:42.406Z
3133,2020-06-03T16:49:42.406Z
2471,2020-06-03T16:49:42.406Z
3617,2020-06-03T16:49:42.406Z
5247,2020-06-03T16:49:42.406Z
3884,2020-06-03T16:49:42.406Z
6087,2020-06-03T16:49:42.406Z
5356,2020-06-03T16:49:42.406Z
2893,2020-06-03T16:49:42.406Z
3162,2020-06-03T16:49:42.406Z
5646,2020-06-03T16:49:42.406Z
3798,2020-06-03T16:49:42.406Z
5550,2020-06-03T16:49:42.406Z
1578,2020-06-03T16:49:42.406Z
5012,2020-06-03T16:49:42.406Z
3659,2020-06-03T16:49:42.406Z
2579,2020-06-03T16:49:42.406Z
3202,2020-06-03T16:49:42.406Z
5861,2020-06-03T16:49:42.406Z
5879,2020-06-03T16:49:42.406Z
1078,2020-06-03T16:49:42.406Z
6462,2021-02-08T19:03:27.957Z
3822,2020-06-03T16:49:42.406Z
6247,2020-06-03T16:49:42.406Z
5473,2020-06-03T16:49:42.406Z
3454,2020-06-03T16:49:42.406Z
5068,2020-06-03T16:49:42.406Z
1351,2020-06-03T16:49:42.406Z
6506,2021-02-23T14:49:00.059Z
3323,2020-06-03T16:49:42.406Z
5792,2020-06-03T16:49:42.406Z
5307,2020-06-03T16:49:42.406Z
5168,2020-06-03T16:49:42.406Z
3016,2020-06-03T16:49:42.406Z
6027,2020-06-03T16:49:42.406Z
5959,2020-06-03T16:49:42.406Z
6529,2021-03-01T11:13:35.646Z
3391,2020-06-03T16:49:42.406Z
6030,2020-06-03T16:49:42.406Z
3667,2020-06-03T16:49:42.406Z
5637,2020-06-03T16:49:42.406Z
5821,2020-06-03T16:49:42.406Z
3626,2020-06-03T16:49:42.406Z
2908,2020-06-03T16:49:42.406Z
3387,2020-06-03T16:49:42.406Z
2969,2020-06-03T16:49:42.406Z
5782,2020-06-03T16:49:42.406Z
5921,2020-06-03T16:49:42.406Z
3512,2020-06-03T16:49:42.406Z
6386,2020-10-26T14:54:10.876Z
6608,2021-03-12T16:49:07.610Z
5413,2020-06-03T16:49:42.406Z
6266,2020-06-03T16:49:42.406Z
3819,2020-06-03T16:49:42.406Z
2754,2020-06-03T16:49:42.406Z
5911,2020-06-03T16:49:42.406Z
5368,2020-06-03T16:49:42.406Z
3810,2020-06-03T16:49:42.406Z
6258,2020-06-03T16:49:42.406Z
3377,2020-06-03T16:49:42.406Z
5432,2020-06-03T16:49:42.406Z
5000,2020-06-03T16:49:42.406Z
6476,2021-02-22T15:51:40.620Z
5228,2020-06-03T16:49:42.406Z
6234,2020-06-03T16:49:42.406Z
5715,2020-06-03T16:49:42.406Z
5999,2020-06-03T16:49:42.406Z
6043,2020-06-03T16:49:42.406Z
6363,2020-10-20T14:33:34.313Z
3663,2020-06-03T16:49:42.406Z
2874,2020-06-03T16:49:42.406Z
2714,2020-06-03T16:49:42.406Z
3776,2020-06-03T16:49:42.406Z
5347,2020-06-03T16:49:42.406Z
5627,2020-06-03T16:49:42.406Z
3310,2020-06-03T16:49:42.406Z
3262,2020-06-03T16:49:42.406Z
3953,2020-06-03T16:49:42.406Z
2872,2020-06-03T16:49:42.406Z
6013,2020-06-03T16:49:42.406Z
5723,2020-06-03T16:49:42.406Z
5561,2020-06-03T16:49:42.406Z
6473,2021-02-21T17:54:52.355Z
5323,2020-06-03T16:49:42.406Z
3865,2020-06-03T16:49:42.406Z
5314,2020-06-03T16:49:42.406Z
6026,2020-06-03T16:49:42.406Z
5062,2020-06-03T16:49:42.406Z
3791,2020-06-03T16:49:42.406Z
6117,2020-06-03T16:49:42.406Z
3431,2020-06-03T16:49:42.406Z
6164,2020-06-03T16:49:42.406Z
2649,2020-06-03T16:49:42.406Z
5614,2020-06-03T16:49:42.406Z
5452,2020-06-03T16:49:42.406Z
5078,2020-06-03T16:49:42.406Z
5621,2020-06-03T16:49:42.406Z
5357,2020-06-03T16:49:42.406Z
6621,2021-03-13T15:37:50.132Z
3552,2020-06-03T16:49:42.406Z
2625,2020-06-03T16:49:42.406Z
6455,2020-12-29T18:55:53.631Z
3853,2020-06-03T16:49:42.406Z
6406,2020-11-01T15:46:07.087Z
2857,2020-06-03T16:49:42.406Z
5506,2020-06-03T16:49:42.406Z
3886,2020-06-03T16:49:42.406Z
6000,2020-06-03T16:49:42.406Z
5599,2020-06-03T16:49:42.406Z
5122,2020-06-03T16:49:42.406Z
5381,2020-06-03T16:49:42.406Z
5530,2020-06-03T16:49:42.406Z
2970,2020-06-03T16:49:42.406Z
5963,2020-06-03T16:49:42.406Z
3441,2020-06-03T16:49:42.406Z
5874,2020-06-03T16:49:42.406Z
3808,2020-06-03T16:49:42.406Z
5525,2020-06-03T16:49:42.406Z
3658,2020-06-03T16:49:42.406Z
5945,2020-06-03T16:49:42.406Z
1221,2020-06-03T16:49:42.406Z
5380,2020-06-03T16:49:42.406Z
6376,2020-10-25T11:41:35.191Z
3936,2020-06-03T16:49:42.406Z
3597,2020-06-03T16:49:42.406Z
3862,2020-06-03T16:49:42.406Z
5912,2020-06-03T16:49:42.406Z
5994,2020-06-03T16:49:42.406Z
5616,2020-06-03T16:49:42.406Z
5902,2020-06-03T16:49:42.406Z
5632,2020-06-03T16:49:42.406Z
5395,2020-06-03T16:49:42.406Z
3378,2020-06-03T16:49:42.406Z
3148,2020-06-03T16:49:42.406Z
3897,2020-06-03T16:49:42.406Z
5101,2020-06-03T16:49:42.406Z
5608,2020-06-03T16:49:42.406Z
5586,2020-06-03T16:49:42.406Z
5183,2020-06-03T16:49:42.406Z
5004,2020-06-03T16:49:42.406Z
5438,2020-06-03T16:49:42.406Z
3021,2020-06-03T16:49:42.406Z
6372,2020-10-24T18:24:40.556Z
6496,2021-02-22T16:41:50.815Z
3402,2020-06-03T16:49:42.406Z
5528,2020-06-03T16:49:42.406Z
6371,2020-10-24T18:17:10.389Z
3299,2020-06-03T16:49:42.406Z
6070,2020-06-03T16:49:42.406Z
3507,2020-06-03T16:49:42.406Z
5431,2020-06-03T16:49:42.406Z
3918,2020-06-03T16:49:42.406Z
6562,2021-03-06T18:01:39.129Z
6408,2020-11-01T21:40:06.943Z
3756,2020-06-03T16:49:42.406Z
5083,2020-06-03T16:49:42.406Z
5092,2020-06-03T16:49:42.406Z
5668,2020-06-03T16:49:42.406Z
5280,2020-06-03T16:49:42.406Z
5342,2020-06-03T16:49:42.406Z
3616,2020-06-03T16:49:42.406Z
3549,2020-06-03T16:49:42.406Z
5232,2020-06-03T16:49:42.406Z
5077,2020-06-03T16:49:42.406Z
5768,2020-06-03T16:49:42.406Z
6456,2021-01-10T13:36:44.888Z
5262,2020-06-03T16:49:42.406Z
5752,2020-06-03T16:49:42.406Z
5970,2020-06-03T16:49:42.406Z
3782,2020-06-03T16:49:42.406Z
3518,2020-06-03T16:49:42.406Z
3707,2020-06-03T16:49:42.406Z
3932,2020-06-03T16:49:42.406Z
5040,2020-06-03T16:49:42.406Z
6412,2020-11-01T22:25:54.524Z
6020,2020-06-03T16:49:42.406Z
2628,2020-06-03T16:49:42.406Z
5289,2020-06-03T16:49:42.406Z
6558,2021-03-06T15:11:02.173Z
3313,2020-06-03T16:49:42.406Z
5566,2020-06-03T16:49:42.406Z
3075,2020-06-03T16:49:42.406Z
3905,2020-06-03T16:49:42.406Z
3938,2020-06-03T16:49:42.406Z
6606,2021-03-12T16:43:56.766Z
2711,2020-06-03T16:49:42.406Z
6162,2020-06-03T16:49:42.406Z
6497,2021-02-22T16:43:39.753Z
5539,2020-06-03T16:49:42.406Z
5565,2020-06-03T16:49:42.406Z
2312,2020-06-03T16:49:42.406Z
3149,2020-06-03T16:49:42.406Z
3493,2020-06-03T16:49:42.406Z
6019,2020-06-03T16:49:42.406Z
6092,2020-06-03T16:49:42.406Z
5930,2020-06-03T16:49:42.406Z
2674,2020-06-03T16:49:42.406Z
3350,2020-06-03T16:49:42.406Z
5544,2020-06-03T16:49:42.406Z
6155,2020-06-03T16:49:42.406Z
6118,2020-06-03T16:49:42.406Z
2900,2020-06-03T16:49:42.406Z
3656,2020-06-03T16:49:42.406Z
6571,2021-03-07T13:51:22.852Z
2895,2020-06-03T16:49:42.406Z
5766,2020-06-03T16:49:42.406Z
3858,2020-06-03T16:49:42.406Z
3747,2020-06-03T16:49:42.406Z
6151,2020-06-03T16:49:42.406Z
2843,2020-06-03T16:49:42.406Z
2808,2020-06-03T16:49:42.406Z
6270,2020-06-03T16:49:42.406Z
6104,2020-06-03T16:49:42.406Z
3180,2020-06-03T16:49:42.406Z
3460,2020-06-03T16:49:42.406Z
2983,2020-06-03T16:49:42.406Z
5851,2020-06-03T16:49:42.406Z
5777,2020-06-03T16:49:42.406Z
3907,2020-06-03T16:49:42.406Z
6009,2020-06-03T16:49:42.406Z
5640,2020-06-03T16:49:42.406Z
6227,2020-06-03T16:49:42.406Z
3675,2020-06-03T16:49:42.406Z
3457,2020-06-03T16:49:42.406Z
3891,2020-06-03T16:49:42.406Z
5650,2020-06-03T16:49:42.406Z
5165,2020-06-03T16:49:42.406Z
3976,2020-06-03T16:49:42.406Z
5202,2020-06-03T16:49:42.406Z
5947,2020-06-03T16:49:42.406Z
2351,2020-06-03T16:49:42.406Z
1969,2020-06-03T16:49:42.406Z
3370,2020-06-03T16:49:42.406Z
5179,2020-06-03T16:49:42.406Z
6514,2021-02-28T14:47:15.727Z
3420,2020-06-03T16:49:42.406Z
5349,2020-06-03T16:49:42.406Z
5159,2020-06-03T16:49:42.406Z
3653,2020-06-03T16:49:42.406Z
5014,2020-06-03T16:49:42.406Z
6585,2021-03-07T15:21:01.403Z
5976,2020-06-03T16:49:42.406Z
3403,2020-06-03T16:49:42.406Z
3320,2020-06-03T16:49:42.406Z
6531,2021-03-01T14:16:26.803Z
3453,2020-06-03T16:49:42.406Z
3474,2020-06-03T16:49:42.406Z
5391,2020-06-03T16:49:42.406Z
6190,2020-06-03T16:49:42.406Z
6170,2020-06-03T16:49:42.406Z
2869,2020-06-03T16:49:42.406Z
6587,2021-03-07T15:49:01.014Z
5696,2020-06-03T16:49:42.406Z
5352,2020-06-03T16:49:42.406Z
6614,2021-03-13T13:13:41.252Z
3812,2020-06-03T16:49:42.406Z
6091,2020-06-03T16:49:42.406Z
5644,2020-06-03T16:49:42.406Z
2393,2020-06-03T16:49:42.406Z
6264,2020-06-03T16:49:42.406Z
6079,2020-06-03T16:49:42.406Z
3447,2020-06-03T16:49:42.406Z
2957,2020-06-03T16:49:42.406Z
6153,2020-06-03T16:49:42.406Z
5382,2020-06-03T16:49:42.406Z
5134,2020-06-03T16:49:42.406Z
5671,2020-06-03T16:49:42.406Z
2824,2020-06-03T16:49:42.406Z
2470,2020-06-03T16:49:42.406Z
6393,2020-10-31T21:39:47.734Z
5729,2020-06-03T16:49:42.406Z
5648,2020-06-03T16:49:42.406Z
5808,2020-06-03T16:49:42.406Z
5310,2020-06-03T16:49:42.406Z
3553,2020-06-03T16:49:42.406Z
5967,2020-06-03T16:49:42.406Z
6034,2020-06-03T16:49:42.406Z
5846,2020-06-03T16:49:42.406Z
2948,2020-06-03T16:49:42.406Z
3007,2020-06-03T16:49:42.406Z
3445,2020-06-03T16:49:42.406Z
3742,2020-06-03T16:49:42.406Z
3138,2020-06-03T16:49:42.406Z
6130,2020-06-03T16:49:42.406Z
3023,2020-06-03T16:49:42.406Z
3767,2020-06-03T16:49:42.406Z
5974,2020-06-03T16:49:42.406Z
2949,2020-06-03T16:49:42.406Z
5194,2020-06-03T16:49:42.406Z
6005,2020-06-03T16:49:42.406Z
1991,2020-06-03T16:49:42.406Z
1368,2020-06-03T16:49:42.406Z
5744,2020-06-03T16:49:42.406Z
5488,2020-06-03T16:49:42.406Z
5585,2020-06-03T16:49:42.406Z
5584,2020-06-03T16:49:42.406Z
6064,2020-06-03T16:49:42.406Z
3358,2020-06-03T16:49:42.406Z
6597,2021-03-11T19:02:46.875Z
5813,2020-06-03T16:49:42.406Z
2576,2020-06-03T16:49:42.406Z
5214,2020-06-03T16:49:42.406Z
3185,2020-06-03T16:49:42.406Z
3423,2020-06-03T16:49:42.406Z
3577,2020-06-03T16:49:42.406Z
3559,2020-06-03T16:49:42.406Z
6029,2020-06-03T16:49:42.406Z
3448,2020-06-03T16:49:42.406Z
2079,2020-06-03T16:49:42.406Z
2995,2020-06-03T16:49:42.406Z
5583,2020-06-03T16:49:42.406Z
5038,2020-06-03T16:49:42.406Z
1822,2020-06-03T16:49:42.406Z
6556,2021-03-06T13:54:33.273Z
911,2020-06-03T16:49:42.406Z
5385,2020-06-03T16:49:42.406Z
5916,2020-06-03T16:49:42.406Z
5702,2020-06-03T16:49:42.406Z
6102,2020-06-03T16:49:42.406Z
5191,2020-06-03T16:49:42.406Z
6271,2020-06-03T16:49:42.406Z
6021,2020-06-03T16:49:42.406Z
6511,2021-02-28T14:25:23.624Z
5299,2020-06-03T16:49:42.406Z
5750,2020-06-03T16:49:42.406Z
5274,2020-06-03T16:49:42.406Z
6038,2020-06-03T16:49:42.406Z
6205,2020-06-03T16:49:42.406Z
1814,2020-06-03T16:49:42.406Z
6134,2020-06-03T16:49:42.406Z
1194,2020-06-03T16:49:42.406Z
5758,2020-06-03T16:49:42.406Z
3974,2020-06-03T16:49:42.406Z
6094,2020-06-03T16:49:42.406Z
3107,2020-06-03T16:49:42.406Z
3398,2020-06-03T16:49:42.406Z
5306,2020-06-03T16:49:42.406Z
3921,2020-06-03T16:49:42.406Z
6611,2021-03-12T17:22:17.093Z
3056,2020-06-03T16:49:42.406Z
5223,2020-06-03T16:49:42.406Z
5527,2020-06-03T16:49:42.406Z
6178,2020-06-03T16:49:42.406Z
5386,2020-06-03T16:49:42.406Z
5015,2020-06-03T16:49:42.406Z
2865,2020-06-03T16:49:42.406Z
3642,2020-06-03T16:49:42.406Z
5032,2020-06-03T16:49:42.406Z
2971,2020-06-03T16:49:42.406Z
3216,2020-06-03T16:49:42.406Z
3859,2020-06-03T16:49:42.406Z
3881,2020-06-03T16:49:42.406Z
3818,2020-06-03T16:49:42.406Z
5057,2020-06-03T16:49:42.406Z
5067,2020-06-03T16:49:42.406Z
5182,2020-06-03T16:49:42.406Z
5291,2020-06-03T16:49:42.406Z
5492,2020-06-03T16:49:42.406Z
6428,2020-11-27T16:59:00.966Z
5933,2020-06-03T16:49:42.406Z
5956,2020-06-03T16:49:42.406Z
1878,2020-06-03T16:49:42.406Z
5453,2020-06-03T16:49:42.406Z
3427,2020-06-03T16:49:42.406Z
6260,2020-06-03T16:49:42.406Z
5170,2020-06-03T16:49:42.406Z
2984,2020-06-03T16:49:42.406Z
5992,2020-06-03T16:49:42.406Z
5325,2020-06-03T16:49:42.406Z
2713,2020-06-03T16:49:42.406Z
5186,2020-06-03T16:49:42.406Z
6071,2020-06-03T16:49:42.406Z
5408,2020-06-03T16:49:42.406Z
6396,2020-10-31T21:50:49.010Z
3456,2020-06-03T16:49:42.406Z
6366,2020-10-21T11:21:52.341Z
2238,2020-06-03T16:49:42.406Z
6259,2020-06-03T16:49:42.406Z
3115,2020-06-03T16:49:42.406Z
3647,2020-06-03T16:49:42.406Z
5141,2020-06-03T16:49:42.406Z
6206,2020-06-03T16:49:42.406Z
5538,2020-06-03T16:49:42.406Z
6167,2020-06-03T16:49:42.406Z
5804,2020-06-03T16:49:42.406Z
6245,2020-06-03T16:49:42.406Z
5377,2020-06-03T16:49:42.406Z
5822,2020-06-03T16:49:42.406Z
5482,2020-06-03T16:49:42.406Z
3773,2020-06-03T16:49:42.406Z
3643,2020-06-03T16:49:42.406Z
2327,2020-06-03T16:49:42.406Z
6461,2021-02-08T14:57:45.799Z
3620,2020-06-03T16:49:42.406Z
5552,2020-06-03T16:49:42.406Z
5095,2020-06-03T16:49:42.406Z
3840,2020-06-03T16:49:42.406Z
6383,2020-10-25T12:06:55.860Z
5065,2020-06-03T16:49:42.406Z
3605,2020-06-03T16:49:42.406Z
5953,2020-06-03T16:49:42.406Z
5882,2020-06-03T16:49:42.406Z
3451,2020-06-03T16:49:42.406Z
5227,2020-06-03T16:49:42.406Z
5826,2020-06-03T16:49:42.406Z
5244,2020-06-03T16:49:42.406Z
5409,2020-06-03T16:49:42.406Z
5683,2020-06-03T16:49:42.406Z
3297,2020-06-03T16:49:42.406Z
3826,2020-06-03T16:49:42.406Z
3805,2020-06-03T16:49:42.406Z
3827,2020-06-03T16:49:42.406Z
5986,2020-06-03T16:49:42.406Z
3613,2020-06-03T16:49:42.406Z
3760,2020-06-03T16:49:42.406Z
3083,2020-06-03T16:49:42.406Z
3914,2020-06-03T16:49:42.406Z
6353,2020-10-17T11:39:08.949Z
3289,2020-06-03T16:49:42.406Z
2910,2020-06-03T16:49:42.406Z
3506,2020-06-03T16:49:42.406Z
3146,2020-06-03T16:49:42.406Z
6016,2020-06-03T16:49:42.406Z
3673,2020-06-03T16:49:42.406Z
6397,2020-10-31T22:01:07.028Z
6451,2020-12-19T18:55:24.651Z
3764,2020-06-03T16:49:42.406Z
2935,2020-06-03T16:49:42.406Z
2607,2020-06-03T16:49:42.406Z
2848,2020-06-03T16:49:42.406Z
6132,2020-06-03T16:49:42.406Z
2412,2020-06-03T16:49:42.406Z
5558,2020-06-03T16:49:42.406Z
5263,2020-06-03T16:49:42.406Z
5734,2020-06-03T16:49:42.406Z
5393,2020-06-03T16:49:42.406Z
5206,2020-06-03T16:49:42.406Z
3014,2020-06-03T16:49:42.406Z
6446,2020-12-16T19:19:27.607Z
3929,2020-06-03T16:49:42.406Z
6452,2020-12-19T18:56:25.690Z
6487,2021-02-22T16:27:17.176Z
3646,2020-06-03T16:49:42.406Z
0898,2020-06-03T16:49:42.406Z
5751,2020-06-03T16:49:42.406Z
2420,2020-06-03T16:49:42.406Z
5907,2020-06-03T16:49:42.406Z
5497,2020-06-03T16:49:42.406Z
6217,2020-06-03T16:49:42.406Z
6037,2020-06-03T16:49:42.406Z
6394,2020-10-31T21:42:52.963Z
5806,2020-06-03T16:49:42.406Z
5827,2020-06-03T16:49:42.406Z
6385,2020-10-26T11:05:00.090Z
6085,2020-06-03T16:49:42.406Z
5472,2020-06-03T16:49:42.406Z
3588,2020-06-03T16:49:42.406Z
5626,2020-06-03T16:49:42.406Z
3505,2020-06-03T16:49:42.406Z
5988,2020-06-03T16:49:42.406Z
3294,2020-06-03T16:49:42.406Z
5205,2020-06-03T16:49:42.406Z
3740,2020-06-03T16:49:42.406Z
5079,2020-06-03T16:49:42.406Z
1570,2020-06-03T16:49:42.406Z
3015,2020-06-03T16:49:42.406Z
3598,2020-06-03T16:49:42.406Z
6469,2021-02-21T14:08:32.511Z
3835,2020-06-03T16:49:42.406Z
5403,2020-06-03T16:49:42.406Z
5370,2020-06-03T16:49:42.406Z
6599,2021-03-11T20:16:30.970Z
5361,2020-06-03T16:49:42.406Z
6201,2020-06-03T16:49:42.406Z
6422,2020-11-24T15:25:03.452Z
3847,2020-06-03T16:49:42.406Z
1141,2020-06-03T16:49:42.406Z
6002,2020-06-03T16:49:42.406Z
2929,2020-06-03T16:49:42.406Z
5003,2020-06-03T16:49:42.406Z
5582,2020-06-03T16:49:42.406Z
3544,2020-06-03T16:49:42.406Z
5887,2020-06-03T16:49:42.406Z
5681,2020-06-03T16:49:42.406Z
6545,2021-03-06T13:11:02.307Z
3745,2020-06-03T16:49:42.406Z
5293,2020-06-03T16:49:42.406Z
6443,2020-12-16T17:51:04.987Z
5761,2020-06-03T16:49:42.406Z
5972,2020-06-03T16:49:42.406Z
6249,2020-06-03T16:49:42.406Z
5326,2020-06-03T16:49:42.406Z
5312,2020-06-03T16:49:42.406Z
3871,2020-06-03T16:49:42.406Z
5341,2020-06-03T16:49:42.406Z
6242,2020-06-03T16:49:42.406Z
5109,2020-06-03T16:49:42.406Z
3912,2020-06-03T16:49:42.406Z
2570,2020-06-03T16:49:42.406Z
5235,2020-06-03T16:49:42.406Z
3105,2020-06-03T16:49:42.406Z
2748,2020-06-03T16:49:42.406Z
3129,2020-06-03T16:49:42.406Z
6246,2020-06-03T16:49:42.406Z
3780,2020-06-03T16:49:42.406Z
5153,2020-06-03T16:49:42.406Z
2982,2020-06-03T16:49:42.406Z
6414,2020-11-11T21:22:00.162Z
5229,2020-06-03T16:49:42.406Z
5458,2020-06-03T16:49:42.406Z
2059,2020-06-03T16:49:42.406Z
2401,2020-06-03T16:49:42.406Z
3207,2020-06-03T16:49:42.406Z
3842,2020-06-03T16:49:42.406Z
6389,2020-10-27T14:15:09.967Z
3509,2020-06-03T16:49:42.406Z
2978,2020-06-03T16:49:42.406Z
6109,2020-06-03T16:49:42.406Z
5160,2020-06-03T16:49:42.406Z
5638,2020-06-03T16:49:42.406Z
5569,2020-06-03T16:49:42.406Z
3408,2020-06-03T16:49:42.406Z
6483,2021-02-22T16:03:54.394Z
3153,2020-06-03T16:49:42.406Z
5222,2020-06-03T16:49:42.406Z
3416,2020-06-03T16:49:42.406Z
0161,2020-06-03T16:49:42.406Z
6119,2020-06-03T16:49:42.406Z
3085,2020-06-03T16:49:42.406Z
3579,2020-06-03T16:49:42.406Z
3357,2020-06-03T16:49:42.406Z
5091,2020-06-03T16:49:42.406Z
6107,2020-06-03T16:49:42.406Z
3024,2020-06-03T16:49:42.406Z
5789,2020-06-03T16:49:42.406Z
5587,2020-06-03T16:49:42.406Z
6050,2020-06-03T16:49:42.406Z
6226,2020-06-03T16:49:42.406Z
6114,2020-06-03T16:49:42.406Z
6003,2020-06-03T16:49:42.406Z
5190,2020-06-03T16:49:42.406Z
3466,2020-06-03T16:49:42.406Z
6490,2021-02-22T16:31:09.834Z
3433,2020-06-03T16:49:42.406Z
5514,2020-06-03T16:49:42.406Z
6592,2021-03-07T16:14:47.398Z
5590,2020-06-03T16:49:42.406Z
6229,2020-06-03T16:49:42.406Z
5451,2020-06-03T16:49:42.406Z
6543,2021-03-06T11:42:40.929Z
5634,2020-06-03T16:49:42.406Z
3195,2020-06-03T16:49:42.406Z
3147,2020-06-03T16:49:42.406Z
6392,2020-10-31T21:35:44.730Z
2944,2020-06-03T16:49:42.406Z
2826,2020-06-03T16:49:42.406Z
5318,2020-06-03T16:49:42.406Z
5531,2020-06-03T16:49:42.406Z
5863,2020-06-03T16:49:42.406Z
6035,2020-06-03T16:49:42.406Z
3098,2020-06-03T16:49:42.406Z
3695,2020-06-03T16:49:42.406Z
3724,2020-06-03T16:49:42.406Z
6180,2020-06-03T16:49:42.406Z
6532,2021-03-01T14:21:47.064Z
3086,2020-06-03T16:49:42.406Z
3807,2020-06-03T16:49:42.406Z
5825,2020-06-03T16:49:42.406Z
6069,2020-06-03T16:49:42.406Z
3668,2020-06-03T16:49:42.406Z
5560,2020-06-03T16:49:42.406Z
5604,2020-06-03T16:49:42.406Z
5226,2020-06-03T16:49:42.406Z
5593,2020-06-03T16:49:42.406Z
5776,2020-06-03T16:49:42.406Z
5913,2020-06-03T16:49:42.406Z
3528,2020-06-03T16:49:42.406Z
3968,2020-06-03T16:49:42.406Z
1501,2020-06-03T16:49:42.406Z
3309,2020-06-03T16:49:42.406Z
5873,2020-06-03T16:49:42.406Z
2604,2020-06-03T16:49:42.406Z
3926,2020-06-03T16:49:42.406Z
3462,2020-06-03T16:49:42.406Z
6086,2020-06-03T16:49:42.406Z
5353,2020-06-03T16:49:42.406Z
6202,2020-06-03T16:49:42.406Z
5500,2020-06-03T16:49:42.406Z
2996,2020-06-03T16:49:42.406Z
5960,2020-06-03T16:49:42.406Z
5812,2020-06-03T16:49:42.406Z
5031,2020-06-03T16:49:42.406Z
5676,2020-06-03T16:49:42.406Z
3970,2021-03-06T19:11:37.530Z
3424,2020-06-03T16:49:42.406Z
6575,2021-03-07T14:06:57.060Z
3934,2020-06-03T16:49:42.406Z
2673,2020-06-03T16:49:42.406Z
6089,2020-06-03T16:49:42.406Z
6565,2021-03-06T19:31:47.287Z
6166,2020-06-03T16:49:42.406Z
5875,2020-06-03T16:49:42.406Z
6062,2020-06-03T16:49:42.406Z
6380,2020-10-25T11:55:34.573Z
3574,2020-06-03T16:49:42.406Z
3374,2020-06-03T16:49:42.406Z
6083,2020-06-03T16:49:42.406Z
6522,2021-03-01T10:59:53.354Z
5136,2020-06-03T16:49:42.406Z
5064,2020-06-03T16:49:42.406Z
5596,2020-06-03T16:49:42.406Z
3942,2020-06-03T16:49:42.406Z
3820,2020-06-03T16:49:42.406Z
5225,2020-06-03T16:49:42.406Z
6617,2021-03-13T13:58:36.780Z
5070,2020-06-03T16:49:42.406Z
5430,2020-06-03T16:49:42.406Z
5567,2020-06-03T16:49:42.406Z
5601,2020-06-03T16:49:42.406Z
6010,2020-06-03T16:49:42.406Z
1879,2020-06-03T16:49:42.406Z
3687,2020-06-03T16:49:42.406Z
5546,2020-06-03T16:49:42.406Z
3326,2020-06-03T16:49:42.406Z
5829,2020-06-03T16:49:42.406Z
6200,2020-06-03T16:49:42.406Z
3978,2020-06-03T16:49:42.406Z
3770,2020-06-03T16:49:42.406Z
5387,2020-06-03T16:49:42.406Z
3693,2020-06-03T16:49:42.406Z
6145,2020-06-03T16:49:42.406Z
6068,2020-06-03T16:49:42.406Z
5366,2020-06-03T16:49:42.406Z
6521,2021-03-01T10:59:11.107Z
5940,2020-06-03T16:49:42.406Z
3479,2020-06-03T16:49:42.406Z
6409,2020-11-01T21:49:39.537Z
5374,2020-06-03T16:49:42.406Z
2959,2020-06-03T16:49:42.406Z
5181,2020-06-03T16:49:42.406Z
5606,2020-06-03T16:49:42.406Z
6374,2020-10-24T18:35:57.250Z
1604,2020-06-03T16:49:42.406Z
3190,2020-06-03T16:49:42.406Z
5795,2020-06-03T16:49:42.406Z
3560,2020-06-03T16:49:42.406Z
5611,2020-06-03T16:49:42.406Z
5620,2020-06-03T16:49:42.406Z
2495,2020-06-03T16:49:42.406Z
2994,2020-06-03T16:49:42.406Z
3126,2020-06-03T16:49:42.406Z
5716,2020-06-03T16:49:42.406Z
5589,2020-06-03T16:49:42.406Z
2965,2020-06-03T16:49:42.406Z
6044,2020-06-03T16:49:42.406Z
3396,2020-06-03T16:49:42.406Z
5759,2020-06-03T16:49:42.406Z
3465,2020-06-03T16:49:42.406Z
6196,2020-06-03T16:49:42.406Z
5051,2020-06-03T16:49:42.406Z
1039,2020-06-03T16:49:42.406Z
5198,2020-06-03T16:49:42.406Z
5142,2020-06-03T16:49:42.406Z
2916,2020-06-03T16:49:42.406Z
6076,2020-06-03T16:49:42.406Z
5503,2020-06-03T16:49:42.406Z
5755,2020-06-03T16:49:42.406Z
2737,2020-06-03T16:49:42.406Z
5894,2020-06-03T16:49:42.406Z
3070,2020-06-03T16:49:42.406Z
2850,2020-06-03T16:49:42.406Z
6143,2020-06-03T16:49:42.406Z
5001,2020-06-03T16:49:42.406Z
5977,2020-06-03T16:49:42.406Z
5449,2020-06-03T16:49:42.406Z
3939,2020-06-03T16:49:42.406Z
6018,2020-06-03T16:49:42.406Z
6395,2020-10-31T21:47:43.345Z
5476,2020-06-03T16:49:42.406Z
5002,2020-06-03T16:49:42.406Z
2988,2020-06-03T16:49:42.406Z
5897,2020-06-03T16:49:42.406Z
3135,2020-06-03T16:49:42.406Z
5069,2020-06-03T16:49:42.406Z
3904,2020-06-03T16:49:42.406Z
5096,2020-06-03T16:49:42.406Z
5434,2020-06-03T16:49:42.406Z
3464,2020-06-03T16:49:42.406Z
6095,2020-06-03T16:49:42.406Z
6057,2020-06-03T16:49:42.406Z
3155,2020-06-03T16:49:42.406Z
3158,2020-06-03T16:49:42.406Z
6056,2020-06-03T16:49:42.406Z
2898,2020-06-03T16:49:42.406Z
3406,2020-06-03T16:49:42.406Z
5838,2020-06-03T16:49:42.406Z
5072,2020-06-03T16:49:42.406Z
5709,2020-06-03T16:49:42.406Z
5154,2020-06-03T16:49:42.406Z
5340,2020-06-03T16:49:42.406Z
1612,2020-06-03T16:49:42.406Z
3945,2020-06-03T16:49:42.406Z
3548,2020-06-03T16:49:42.406Z
5252,2020-06-03T16:49:42.406Z
6275,2020-06-03T16:49:42.406Z
3047,2020-06-03T16:49:42.406Z
5798,2020-06-03T16:49:42.406Z
5489,2020-06-03T16:49:42.406Z
5463,2020-06-03T16:49:42.406Z
6533,2021-03-01T14:24:11.713Z
3201,2020-06-03T16:49:42.406Z
5423,2020-06-03T16:49:42.406Z
3308,2020-06-03T16:49:42.406Z
3390,2020-06-03T16:49:42.406Z
2243,2020-06-03T16:49:42.406Z
2887,2020-06-03T16:49:42.406Z
6066,2020-06-03T16:49:42.406Z
1250,2020-06-03T16:49:42.406Z
5208,2020-06-03T16:49:42.406Z
1315,2020-06-03T16:49:42.406Z
3962,2020-06-03T16:49:42.406Z
5360,2020-06-03T16:49:42.406Z
3481,2020-06-03T16:49:42.406Z
6508,2021-02-28T14:05:25.714Z
6232,2020-06-03T16:49:42.406Z
5791,2020-06-03T16:49:42.406Z
6215,2020-06-03T16:49:42.406Z
5978,2020-06-03T16:49:42.406Z
3964,2020-06-03T16:49:42.406Z
3066,2020-06-03T16:49:42.406Z
5336,2020-06-03T16:49:42.406Z
5372,2020-06-03T16:49:42.406Z
2945,2020-06-03T16:49:42.406Z
2825,2020-06-03T16:49:42.406Z
3824,2020-06-03T16:49:42.406Z
3883,2020-06-03T16:49:42.406Z
6498,2021-02-23T13:20:59.672Z
5641,2020-06-03T16:49:42.406Z
6468,2021-02-12T11:34:06.073Z
1598,2020-06-03T16:49:42.406Z
5890,2020-06-03T16:49:42.406Z
3347,2021-03-07T10:58:23.925Z
3344,2020-06-03T16:49:42.406Z
3092,2020-06-03T16:49:42.406Z
3710,2020-06-03T16:49:42.406Z
3156,2020-06-03T16:49:42.406Z
3736,2020-06-03T16:49:42.406Z
6053,2020-06-03T16:49:42.406Z
5212,2020-06-03T16:49:42.406Z
5207,2020-06-03T16:49:42.406Z
5456,2020-06-03T16:49:42.406Z
3446,2020-06-03T16:49:42.406Z
5231,2020-06-03T16:49:42.406Z
3950,2020-06-03T16:49:42.406Z
2861,2020-06-03T16:49:42.406Z
3713,2020-06-03T16:49:42.406Z
5017,2020-06-03T16:49:42.406Z
2976,2020-06-03T16:49:42.406Z
5316,2020-06-03T16:49:42.406Z
5255,2020-06-03T16:49:42.406Z
5747,2020-06-03T16:49:42.406Z
5788,2020-06-03T16:49:42.406Z
3221,2020-06-03T16:49:42.406Z
2581,2020-06-03T16:49:42.406Z
6204,2020-06-03T16:49:42.406Z
3790,2020-06-03T16:49:42.406Z
3967,2020-06-03T16:49:42.406Z
3010,2020-06-03T16:49:42.406Z
6453,2020-12-29T18:14:33.050Z
5036,2020-06-03T16:49:42.406Z
5926,2020-06-03T16:49:42.406Z
3792,2020-06-03T16:49:42.406Z
6600,2021-03-12T15:52:31.279Z
5129,2020-06-03T16:49:42.406Z
5204,2020-06-03T16:49:42.406Z
6111,2020-06-03T16:49:42.406Z
3346,2020-06-03T16:49:42.406Z
3717,2020-06-03T16:49:42.406Z
6470,2021-02-21T14:15:08.730Z
5542,2020-06-03T16:49:42.406Z
2851,2020-06-03T16:49:42.406Z
3874,2020-06-03T16:49:42.406Z
3831,2020-06-03T16:49:42.406Z
6616,2021-03-13T13:19:13.910Z
6224,2020-06-03T16:49:42.406Z
5647,2020-06-03T16:49:42.406Z
6601,2021-03-12T15:54:35.384Z
5942,2020-06-03T16:49:42.406Z
5441,2020-06-03T16:49:42.406Z
5844,2020-06-03T16:49:42.406Z
5088,2020-06-03T16:49:42.406Z
3084,2020-06-03T16:49:42.406Z
3900,2020-06-03T16:49:42.406Z
5173,2020-06-03T16:49:42.406Z
5313,2020-06-03T16:49:42.406Z
2656,2020-06-03T16:49:42.406Z
3572,2020-06-03T16:49:42.406Z
3564,2020-06-03T16:49:42.406Z
3291,2020-06-03T16:49:42.406Z
3097,2020-06-03T16:49:42.406Z
6208,2020-06-03T16:49:42.406Z
5402,2020-06-03T16:49:42.406Z
3718,2020-06-03T16:49:42.406Z
3775,2020-06-03T16:49:42.406Z
3011,2020-06-03T16:49:42.406Z
2063,2020-06-03T16:49:42.406Z
2836,2020-06-03T16:49:42.406Z
3935,2020-06-03T16:49:42.406Z
2776,2020-06-03T16:49:42.406Z
3649,2020-06-03T16:49:42.406Z
5460,2020-06-03T16:49:42.406Z
2958,2020-06-03T16:49:42.406Z
3029,2020-06-03T16:49:42.406Z
3902,2020-06-03T16:49:42.406Z
3298,2020-06-03T16:49:42.406Z
5501,2020-06-03T16:49:42.406Z
5535,2020-06-03T16:49:42.406Z
5666,2020-06-03T16:49:42.406Z
6054,2020-06-03T16:49:42.406Z
5543,2020-06-03T16:49:42.406Z
6425,2020-11-27T13:15:05.029Z
3311,2020-06-03T16:49:42.406Z
5048,2020-06-03T16:49:42.406Z
3592,2020-06-03T16:49:42.406Z
6093,2020-06-03T16:49:42.406Z
5609,2020-06-03T16:49:42.406Z
5877,2020-06-03T16:49:42.406Z
2556,2020-06-03T16:49:42.406Z
3716,2020-06-03T16:49:42.406Z
3796,2020-06-03T16:49:42.406Z
5891,2020-06-03T16:49:42.406Z
3542,2020-06-03T16:49:42.406Z
3372,2020-06-03T16:49:42.406Z
5290,2020-06-03T16:49:42.406Z
3856,2020-06-03T16:49:42.406Z
3120,2020-06-03T16:49:42.406Z
3722,2020-06-03T16:49:42.406Z
5674,2020-06-03T16:49:42.406Z
5850,2020-06-03T16:49:42.406Z
5713,2020-06-03T16:49:42.406Z
3171,2020-06-03T16:49:42.406Z
3957,2020-06-03T16:49:42.406Z
5817,2020-06-03T16:49:42.406Z
1333,2020-06-03T16:49:42.406Z
3057,2020-06-03T16:49:42.406Z
6146,2020-06-03T16:49:42.406Z
5796,2020-06-03T16:49:42.406Z
6192,2020-06-03T16:49:42.406Z
3565,2020-06-03T16:49:42.406Z
3522,2020-06-03T16:49:42.406Z
5687,2020-06-03T16:49:42.406Z
5140,2020-06-03T16:49:42.406Z
3150,2020-06-03T16:49:42.406Z
2912,2020-06-03T16:49:42.406Z
5218,2020-06-03T16:49:42.406Z
5856,2020-06-03T16:49:42.406Z
5951,2020-06-03T16:49:42.406Z
2392,2020-06-03T16:49:42.406Z
5164,2020-06-03T16:49:42.406Z
5943,2020-06-03T16:49:42.406Z
5563,2020-06-03T16:49:42.406Z
3638,2020-06-03T16:49:42.406Z
1736,2020-06-03T16:49:42.406Z
3761,2020-06-03T16:49:42.406Z
5119,2020-06-03T16:49:42.406Z
3533,2020-06-03T16:49:42.406Z
1984,2020-06-03T16:49:42.406Z
5521,2020-06-03T16:49:42.406Z
266,2020-06-03T16:49:42.406Z
5419,2020-06-03T16:49:42.406Z
5949,2020-06-03T16:49:42.406Z
3715,2020-06-03T16:49:42.406Z
3650,2020-06-03T16:49:42.406Z
5575,2020-06-03T16:49:42.406Z
5457,2020-06-03T16:49:42.406Z
6041,2020-06-03T16:49:42.406Z
3517,2020-06-03T16:49:42.406Z
5249,2020-06-03T16:49:42.406Z
3437,2020-06-03T16:49:42.406Z
5467,2020-06-03T16:49:42.406Z
6255,2020-06-03T16:49:42.406Z
3284,2020-06-03T16:49:42.406Z
5444,2020-06-03T16:49:42.406Z
3472,2020-06-03T16:49:42.406Z
3413,2020-06-03T16:49:42.406Z
6359,2020-10-20T14:21:07.933Z
6478,2021-02-22T15:53:27.453Z
3694,2020-06-03T16:49:42.406Z
5553,2020-06-03T16:49:42.406Z
6557,2021-03-06T15:10:23.417Z
3412,2020-06-03T16:49:42.406Z
3327,2020-06-03T16:49:42.406Z
3145,2020-06-03T16:49:42.406Z
5771,2020-06-03T16:49:42.406Z
3159,2020-06-03T16:49:42.406Z
3283,2020-06-03T16:49:42.406Z
2778,2020-06-03T16:49:42.406Z
5046,2020-06-03T16:49:42.406Z
5461,2020-06-03T16:49:42.406Z
5885,2020-06-03T16:49:42.406Z
3823,2020-06-03T16:49:42.406Z
6620,2021-03-13T15:28:14.718Z
5786,2020-06-03T16:49:42.406Z
5392,2020-06-03T16:49:42.406Z
3546,2020-06-03T16:49:42.406Z
6486,2021-02-22T16:26:19.441Z
3477,2020-06-03T16:49:42.406Z
5532,2020-06-03T16:49:42.406Z
3114,2020-06-03T16:49:42.406Z
3208,2020-06-03T16:49:42.406Z
5376,2020-06-03T16:49:42.406Z
3781,2020-06-03T16:49:42.406Z
3771,2020-06-03T16:49:42.406Z
3834,2020-06-03T16:49:42.406Z
3682,2020-06-03T16:49:42.406Z
5302,2020-06-03T16:49:42.406Z
5023,2020-06-03T16:49:42.406Z
5233,2020-06-03T16:49:42.406Z
5330,2020-06-03T16:49:42.406Z
5320,2020-06-03T16:49:42.406Z
5928,2020-06-03T16:49:42.406Z
3535,2020-06-03T16:49:42.406Z
5757,2020-06-03T16:49:42.406Z
5909,2020-06-03T16:49:42.406Z
5201,2020-06-03T16:49:42.406Z
3440,2020-06-03T16:49:42.406Z
5286,2020-06-03T16:49:42.406Z
3648,2020-06-03T16:49:42.406Z
5465,2020-06-03T16:49:42.406Z
3034,2020-06-03T16:49:42.406Z
3951,2020-06-03T16:49:42.406Z
6169,2020-06-03T16:49:42.406Z
3318,2020-06-03T16:49:42.406Z
3273,2020-06-03T16:49:42.406Z
5714,2020-06-03T16:49:42.406Z
3644,2020-06-03T16:49:42.406Z
3800,2020-06-03T16:49:42.406Z
3828,2020-06-03T16:49:42.406Z
6129,2020-06-03T16:49:42.406Z
5664,2020-06-03T16:49:42.406Z
5086,2020-06-03T16:49:42.406Z
6540,2021-03-06T11:36:27.407Z
6367,2020-10-24T16:04:34.545Z
5736,2020-06-03T16:49:42.406Z
5135,2020-06-03T16:49:42.406Z
5981,2020-06-03T16:49:42.406Z
5345,2020-06-03T16:49:42.406Z
5365,2020-06-03T16:49:42.406Z
6463,2021-02-08T19:05:32.798Z
6100,2020-06-03T16:49:42.406Z
6523,2021-03-01T11:00:41.560Z
3519,2020-06-03T16:49:42.406Z
3660,2020-06-03T16:49:42.406Z
5054,2020-06-03T16:49:42.406Z
3205,2020-06-03T16:49:42.406Z
3081,2020-06-03T16:49:42.406Z
3735,2020-06-03T16:49:42.406Z
3031,2020-06-03T16:49:42.406Z
5394,2020-06-03T16:49:42.406Z
3878,2020-06-03T16:49:42.406Z
2878,2020-06-03T16:49:42.406Z
6388,2020-10-27T13:22:34.806Z
5511,2020-06-03T16:49:42.406Z
3795,2020-06-03T16:49:42.406Z
5018,2020-06-03T16:49:42.406Z
6450,2020-12-19T18:55:10.455Z
3099,2020-06-03T16:49:42.406Z
3523,2020-06-03T16:49:42.406Z
3476,2020-06-03T16:49:42.406Z
3787,2020-06-03T16:49:42.406Z
3179,2020-06-03T16:49:42.406Z
3232,2020-06-03T16:49:42.406Z
6573,2021-03-07T14:03:37.989Z
5694,2020-06-03T16:49:42.406Z
5400,2020-06-03T16:49:42.406Z
5495,2020-06-03T16:49:42.406Z
2973,2020-06-03T16:49:42.406Z
5932,2020-06-03T16:49:42.406Z
3972,2020-06-03T16:49:42.406Z
6017,2020-06-03T16:49:42.406Z
3410,2020-06-03T16:49:42.406Z
3789,2020-06-03T16:49:42.406Z
5100,2020-06-03T16:49:42.406Z
2847,2020-06-03T16:49:42.406Z
6559,2021-03-06T15:11:48.376Z
3734,2020-06-03T16:49:42.406Z
5436,2020-06-03T16:49:42.406Z
6424,2020-11-27T13:07:51.589Z
2943,2020-06-03T16:49:42.406Z
5224,2020-06-03T16:49:42.406Z
5990,2020-06-03T16:49:42.406Z
5765,2020-06-03T16:49:42.406Z
3699,2020-06-03T16:49:42.406Z
5484,2020-06-03T16:49:42.406Z
2583,2020-06-03T16:49:42.406Z
6099,2020-06-03T16:49:42.406Z
5892,2020-06-03T16:49:42.406Z
1236,2020-06-03T16:49:42.406Z
2040,2020-06-03T16:49:42.406Z
6405,2020-11-01T15:43:56.467Z
5800,2020-06-03T16:49:42.406Z
3844,2020-06-03T16:49:42.406Z
2884,2020-06-03T16:49:42.406Z
3054,2020-06-03T16:49:42.406Z
5053,2020-06-03T16:49:42.406Z
3287,2020-06-03T16:49:42.406Z
6564,2021-03-06T19:27:18.790Z
3815,2020-06-03T16:49:42.406Z
5522,2020-06-03T16:49:42.406Z
5799,2020-06-03T16:49:42.406Z
5110,2020-06-03T16:49:42.406Z
3600,2020-06-03T16:49:42.406Z
2611,2020-06-03T16:49:42.406Z
3609,2020-06-03T16:49:42.406Z
3005,2020-06-03T16:49:42.406Z
6188,2020-06-03T16:49:42.406Z
2542,2020-06-03T16:49:42.406Z
5474,2020-06-03T16:49:42.406Z
6191,2020-06-03T16:49:42.406Z
2897,2020-06-03T16:49:42.406Z
5150,2020-06-03T16:49:42.406Z
5258,2020-06-03T16:49:42.406Z
3825,2020-06-03T16:49:42.406Z
5264,2020-06-03T16:49:42.406Z
5371,2020-06-03T16:49:42.406Z
3888,2020-06-03T16:49:42.406Z
6165,2020-06-03T16:49:42.406Z
3128,2020-06-03T16:49:42.406Z
2974,2020-06-03T16:49:42.406Z
3035,2020-06-03T16:49:42.406Z
6173,2020-06-03T16:49:42.406Z
5133,2020-06-03T16:49:42.406Z
5311,2020-06-03T16:49:42.406Z
3359,2020-06-03T16:49:42.406Z
6025,2020-06-03T16:49:42.406Z
2233,2020-06-03T16:49:42.406Z
3944,2020-06-03T16:49:42.406Z
3144,2020-06-03T16:49:42.406Z
2633,2020-06-03T16:49:42.406Z
2852,2020-06-03T16:49:42.406Z
3367,2020-06-03T16:49:42.406Z
5399,2020-06-03T16:49:42.406Z
3189,2020-06-03T16:49:42.406Z
6489,2021-02-22T16:29:03.465Z
3343,2020-06-03T16:49:42.406Z
5498,2020-06-03T16:49:42.406Z
5937,2020-06-03T16:49:42.406Z
5215,2020-06-03T16:49:42.406Z
2657,2020-06-03T16:49:42.406Z
3963,2020-06-03T16:49:42.406Z
2585,2020-06-03T16:49:42.406Z
3142,2020-06-03T16:49:42.406Z
3879,2020-06-03T16:49:42.406Z
3361,2020-06-03T16:49:42.406Z
3117,2020-06-03T16:49:42.406Z
6553,2021-03-06T13:52:59.559Z
5775,2020-06-03T16:49:42.406Z
1035,2020-06-03T16:49:42.406Z
3672,2020-06-03T16:49:42.406Z
5847,2020-06-03T16:49:42.406Z
6022,2020-06-03T16:49:42.406Z
3459,2020-06-03T16:49:42.406Z
5305,2020-06-03T16:49:42.406Z
5161,2020-06-03T16:49:42.406Z
5984,2020-06-03T16:49:42.406Z
1158,2020-06-03T16:49:42.406Z
2701,2020-06-03T16:49:42.406Z
6356,2020-10-20T10:59:23.295Z
5071,2020-06-03T16:49:42.406Z
5686,2020-06-03T16:49:42.406Z
5496,2020-06-03T16:49:42.406Z
6419,2020-11-24T14:56:02.358Z
3933,2020-06-03T16:49:42.406Z
5989,2020-06-03T16:49:42.406Z
5784,2020-06-03T16:49:42.406Z
2862,2020-06-03T16:49:42.406Z
2835,2020-06-03T16:49:42.406Z
3610,2020-06-03T16:49:42.406Z
1624,2020-06-03T16:49:42.406Z
6179,2020-06-03T16:49:42.406Z
5350,2020-06-03T16:49:42.406Z
6024,2020-06-03T16:49:42.406Z
5446,2020-06-03T16:49:42.406Z
3217,2020-06-03T16:49:42.406Z
5462,2020-06-03T16:49:42.406Z
2203,2020-06-03T16:49:42.406Z
5058,2020-06-03T16:49:42.406Z
5663,2020-06-03T16:49:42.406Z
5896,2020-06-03T16:49:42.406Z
5024,2020-06-03T16:49:42.406Z
3480,2020-06-03T16:49:42.406Z
2906,2020-06-03T16:49:42.406Z
3927,2020-06-03T16:49:42.406Z
6431,2020-11-27T17:15:11.260Z
3068,2020-06-03T16:49:42.406Z
6231,2020-06-03T16:49:42.406Z
3303,2020-06-03T16:49:42.406Z
3725,2020-06-03T16:49:42.406Z
5780,2020-06-03T16:49:42.406Z
3758,2020-06-03T16:49:42.406Z
6466,2021-02-12T10:52:41.845Z
3211,2020-06-03T16:49:42.406Z
5175,2020-06-03T16:49:42.406Z
3127,2020-06-03T16:49:42.406Z
3111,2020-06-03T16:49:42.406Z
2582,2020-06-03T16:49:42.406Z
5081,2020-06-03T16:49:42.406Z
6518,2021-02-28T19:13:05.078Z
5480,2020-06-03T16:49:42.406Z
5645,2020-06-03T16:49:42.406Z
3590,2020-06-03T16:49:42.406Z
5445,2020-06-03T16:49:42.406Z
6382,2020-10-25T12:03:44.826Z
5315,2020-06-03T16:49:42.406Z
5842,2020-06-03T16:49:42.406Z
2905,2020-06-03T16:49:42.406Z
5459,2020-06-03T16:49:42.406Z
3726,2020-06-03T16:49:42.406Z
0836,2020-06-03T16:49:42.406Z
5439,2020-06-03T16:49:42.406Z
6133,2020-06-03T16:49:42.406Z
3627,2020-06-03T16:49:42.406Z
5658,2020-06-03T16:49:42.406Z
3813,2020-06-03T16:49:42.406Z
3063,2020-06-03T16:49:42.406Z
3071,2020-06-03T16:49:42.406Z
6045,2020-06-03T16:49:42.406Z
2669,2020-06-03T16:49:42.406Z
3471,2020-06-03T16:49:42.406Z
3012,2020-06-03T16:49:42.406Z
1954,2020-06-03T16:49:42.406Z
5597,2020-06-03T16:49:42.406Z
6189,2020-06-03T16:49:42.406Z
3700,2020-06-03T16:49:42.406Z
6103,2020-06-03T16:49:42.406Z
3136,2020-06-03T16:49:42.406Z
3599,2020-06-03T16:49:42.406Z
6252,2020-06-03T16:49:42.406Z
6007,2020-06-03T16:49:42.406Z
6512,2021-02-28T14:26:55.675Z
2067,2020-06-03T16:49:42.406Z
5549,2020-06-03T16:49:42.406Z
3331,2020-06-03T16:49:42.406Z
5854,2020-06-03T16:49:42.406Z
6610,2021-03-12T17:21:07.228Z
5288,2020-06-03T16:49:42.406Z
5730,2020-06-03T16:49:42.406Z
5688,2020-06-03T16:49:42.406Z
0908,2020-06-03T16:49:42.406Z
3861,2020-06-03T16:49:42.406Z
5007,2020-06-03T16:49:42.406Z
5660,2020-06-03T16:49:42.406Z
3908,2020-06-03T16:49:42.406Z
6023,2020-06-03T16:49:42.406Z
5700,2020-06-03T16:49:42.406Z
3401,2020-06-03T16:49:42.406Z
3067,2020-06-03T16:49:42.406Z
2386,2020-06-03T16:49:42.406Z
6125,2020-06-03T16:49:42.406Z
3608,2020-06-03T16:49:42.406Z
5049,2020-06-03T16:49:42.406Z
2822,2020-06-03T16:49:42.406Z
3850,2020-06-03T16:49:42.406Z
232,2020-06-03T16:49:42.406Z
5629,2020-06-03T16:49:42.406Z
5270,2020-06-03T16:49:42.406Z
6612,2021-03-12T17:23:18.869Z
2859,2020-06-03T16:49:42.406Z
3899,2020-06-03T16:49:42.406Z
2385,2020-06-03T16:49:42.406Z
6519,2021-02-28T19:23:01.326Z
6185,2020-06-03T16:49:42.406Z
2773,2020-06-03T16:49:42.406Z
3196,2020-06-03T16:49:42.406Z
6059,2020-06-03T16:49:42.406Z
3679,2020-06-03T16:49:42.406Z
5422,2020-06-03T16:49:42.406Z
3628,2020-06-03T16:49:42.406Z
6369,2020-10-24T18:04:06.799Z
3661,2020-06-03T16:49:42.406Z
448,2020-06-03T16:49:42.406Z
3500,2020-06-03T16:49:42.406Z
2873,2020-06-03T16:49:42.406Z
5507,2020-06-03T16:49:42.406Z
5298,2020-06-03T16:49:42.406Z
3539,2020-06-03T16:49:42.406Z
5815,2020-06-03T16:49:42.406Z
3955,2020-06-03T16:49:42.406Z
3022,2020-06-03T16:49:42.406Z
6078,2020-06-03T16:49:42.406Z
5477,2020-06-03T16:49:42.406Z
6439,2020-12-16T12:03:56.389Z
5710,2020-06-03T16:49:42.406Z
5876,2020-06-03T16:49:42.406Z
2964,2020-06-03T16:49:42.406Z
5156,2020-06-03T16:49:42.406Z
6560,2021-03-06T15:13:00.673Z
5390,2020-06-03T16:49:42.406Z
5962,2020-06-03T16:49:42.406Z
6262,2020-06-03T16:49:42.406Z
5946,2020-06-03T16:49:42.406Z
1364,2020-06-03T16:49:42.406Z
5364,2020-06-03T16:49:42.406Z
5554,2020-06-03T16:49:42.406Z
3841,2020-06-03T16:49:42.406Z
5254,2020-06-03T16:49:42.406Z
5355,2020-06-03T16:49:42.406Z
5026,2020-06-03T16:49:42.406Z
2860,2020-06-03T16:49:42.406Z
5103,2020-06-03T16:49:42.406Z
6351,2020-09-16T14:59:04.651Z
5973,2020-06-03T16:49:42.406Z
5045,2020-06-03T16:49:42.406Z
6596,2021-03-07T16:37:45.214Z
6482,2021-02-22T16:02:48.211Z
3557,2020-06-03T16:49:42.406Z
3285,2020-06-03T16:49:42.406Z
5605,2020-06-03T16:49:42.406Z
6124,2020-06-03T16:49:42.406Z
1227,2020-06-03T16:49:42.406Z
5450,2020-06-03T16:49:42.406Z
3640,2020-06-03T16:49:42.406Z
3169,2020-06-03T16:49:42.406Z
3124,2020-06-03T16:49:42.406Z
5680,2020-06-03T16:49:42.406Z
6574,2021-03-07T14:05:11.544Z
5369,2020-06-03T16:49:42.406Z
3030,2020-06-03T16:49:42.406Z
5857,2020-06-03T16:49:42.406Z
3426,2020-06-03T16:49:42.406Z
5383,2020-06-03T16:49:42.406Z
6484,2021-02-22T16:04:38.366Z
5631,2020-06-03T16:49:42.406Z
3866,2020-06-03T16:49:42.406Z
6040,2020-06-03T16:49:42.406Z
5618,2020-06-03T16:49:42.406Z
6429,2020-11-27T17:11:44.572Z
3882,2020-06-03T16:49:42.406Z
3351,2020-06-03T16:49:42.406Z
2952,2020-06-03T16:49:42.406Z
5435,2020-06-03T16:49:42.406Z
3364,2020-06-03T16:49:42.406Z
6570,2021-03-07T13:48:57.378Z
5754,2020-06-03T16:49:42.406Z
2849,2020-06-03T16:49:42.406Z
6517,2021-02-28T19:12:10.759Z
3915,2020-06-03T16:49:42.406Z
3525,2020-06-03T16:49:42.406Z
3543,2020-06-03T16:49:42.406Z
2730,2020-06-03T16:49:42.406Z
2961,2020-06-03T16:49:42.406Z
2909,2020-06-03T16:49:42.406Z
3860,2020-06-03T16:49:42.406Z
2999,2020-06-03T16:49:42.406Z
2642,2020-06-03T16:49:42.406Z
2923,2020-06-03T16:49:42.406Z
6241,2020-06-03T16:49:42.406Z
5009,2020-06-03T16:49:42.406Z
5188,2020-06-03T16:49:42.406Z
3614,2020-06-03T16:49:42.406Z
3191,2020-06-03T16:49:42.406Z
2882,2020-06-03T16:49:42.406Z
2877,2020-06-03T16:49:42.406Z
5831,2020-06-03T16:49:42.406Z
3534,2020-06-03T16:49:42.406Z
3442,2020-06-03T16:49:42.406Z
2535,2020-06-03T16:49:42.406Z
5540,2020-06-03T16:49:42.406Z
1179,2020-06-03T16:49:42.406Z
3956,2020-06-03T16:49:42.406Z
5505,2020-06-03T16:49:42.406Z
5261,2020-06-03T16:49:42.406Z
6225,2020-06-03T16:49:42.406Z
3438,2020-06-03T16:49:42.406Z
6607,2021-03-12T16:45:17.027Z
3013,2020-06-03T16:49:42.406Z
6163,2020-06-03T16:49:42.406Z
3355,2020-06-03T16:49:42.406Z
5167,2020-06-03T16:49:42.406Z
6144,2020-06-03T16:49:42.406Z
5006,2020-06-03T16:49:42.406Z
6436,2020-12-15T20:45:36.234Z
3032,2020-06-03T16:49:42.406Z
5273,2020-06-03T16:49:42.406Z
6584,2021-03-07T15:19:58.831Z
3286,2020-06-03T16:49:42.406Z
2313,2020-06-03T16:49:42.406Z
6447,2020-12-17T18:36:19.318Z
3366,2020-06-03T16:49:42.406Z
3026,2020-06-03T16:49:42.406Z
6566,2021-03-06T19:46:09.318Z
5738,2020-06-03T16:49:42.406Z
3139,2020-06-03T16:49:42.406Z
2901,2020-06-03T16:49:42.406Z
3151,2020-06-03T16:49:42.406Z
5499,2020-06-03T16:49:42.406Z
6520,2021-02-28T21:32:45.528Z
3573,2020-06-03T16:49:42.406Z
5143,2020-06-03T16:49:42.406Z
5309,2020-06-03T16:49:42.406Z
2889,2020-06-03T16:49:42.406Z
5285,2020-06-03T16:49:42.406Z
2501,2020-06-03T16:49:42.406Z
5418,2020-06-03T16:49:42.406Z
2834,2020-06-03T16:49:42.406Z
5555,2020-06-03T16:49:42.406Z
5085,2020-06-03T16:49:42.406Z
6609,2021-03-12T17:20:49.098Z
3425,2020-06-03T16:49:42.406Z
5117,2020-06-03T16:49:42.406Z
3197,2020-06-03T16:49:42.406Z
2932,2020-06-03T16:49:42.406Z
1881,2020-06-03T16:49:42.406Z
6576,2021-03-07T14:07:36.540Z
5864,2020-06-03T16:49:42.406Z
6516,2021-02-28T18:54:48.928Z
3732,2020-06-03T16:49:42.406Z
5397,2020-06-03T16:49:42.406Z
6460,2021-02-08T14:49:54.920Z
3645,2020-06-03T16:49:42.406Z
5127,2020-06-03T16:49:42.406Z
5935,2020-06-03T16:49:42.406Z
3455,2020-06-03T16:49:42.406Z
1554,2020-06-03T16:49:42.406Z
6400,2020-11-01T15:10:17.901Z
5424,2020-06-03T16:49:42.406Z
5901,2020-06-03T16:49:42.406Z
5922,2020-06-03T16:49:42.406Z
3794,2020-06-03T16:49:42.406Z
6499,2021-02-23T13:32:50.754Z
5025,2020-06-03T16:49:42.406Z
3585,2020-06-03T16:49:42.406Z
5177,2020-06-03T16:49:42.406Z
1703,2020-06-03T16:49:42.406Z
3779,2020-06-03T16:49:42.406Z
5520,2020-06-03T16:49:42.406Z
5839,2020-06-03T16:49:42.406Z
5279,2020-06-03T16:49:42.406Z
3080,2020-06-03T16:49:42.406Z
5925,2020-06-03T16:49:42.406Z
6505,2021-02-23T14:07:18.949Z
2352,2020-06-03T16:49:42.406Z
5433,2020-06-03T16:49:42.406Z
6106,2020-06-03T16:49:42.406Z
5603,2020-06-03T16:49:42.406Z
5213,2020-06-03T16:49:42.406Z
2426,2020-06-03T16:49:42.406Z
0903,2020-06-03T16:49:42.406Z
5348,2020-06-03T16:49:42.406Z
3317,2020-06-03T16:49:42.406Z
3920,2020-06-03T16:49:42.406Z
5685,2020-06-03T16:49:42.406Z
2832,2020-06-03T16:49:42.406Z
5094,2020-06-03T16:49:42.406Z
5657,2020-06-03T16:49:42.406Z
6256,2020-06-03T16:49:42.406Z
2608,2020-06-03T16:49:42.406Z
5762,2020-06-03T16:49:42.406Z
5805,2020-06-03T16:49:42.406Z
2907,2020-06-03T16:49:42.406Z
3960,2020-06-03T16:49:42.406Z
3212,2020-06-03T16:49:42.406Z
3981,2020-06-03T16:49:42.406Z
3143,2020-06-03T16:49:42.406Z
3468,2020-06-03T16:49:42.406Z
3000,2020-06-03T16:49:42.406Z
3407,2020-06-03T16:49:42.406Z
3838,2020-06-03T16:49:42.406Z
2779,2020-06-03T16:49:42.406Z
1746,2020-06-03T16:49:42.406Z
2870,2020-06-03T16:49:42.406Z
6214,2020-06-03T16:49:42.406Z
2856,2020-06-03T16:49:42.406Z
3319,2020-06-03T16:49:42.406Z
5639,2020-06-03T16:49:42.406Z
6268,2020-06-03T16:49:42.406Z
5493,2020-06-03T16:49:42.406Z
6513,2021-02-28T14:37:15.800Z
6494,2021-02-22T16:36:12.142Z
3595,2020-06-03T16:49:42.406Z
6084,2020-06-03T16:49:42.406Z
3532,2020-06-03T16:49:42.406Z
3381,2020-06-03T16:49:42.406Z
3723,2020-06-03T16:49:42.406Z
2448,2020-06-03T16:49:42.406Z
3046,2020-06-03T16:49:42.406Z
5914,2020-06-03T16:49:42.406Z
6213,2020-06-03T16:49:42.406Z
6378,2020-10-25T11:48:46.066Z
3604,2020-06-03T16:49:42.406Z
3353,2020-06-03T16:49:42.406Z
2875,2020-06-03T16:49:42.406Z
5035,2020-06-03T16:49:42.406Z
5673,2020-06-03T16:49:42.406Z
3566,2020-06-03T16:49:42.406Z
5557,2020-06-03T16:49:42.406Z
5610,2020-06-03T16:49:42.406Z
2921,2020-06-03T16:49:42.406Z
5470,2020-06-03T16:49:42.406Z
5835,2020-06-03T16:49:42.406Z
6161,2020-06-03T16:49:42.406Z
6148,2020-06-03T16:49:42.406Z
2866,2020-06-03T16:49:42.406Z
6203,2020-06-03T16:49:42.406Z
5271,2020-06-03T16:49:42.406Z
6432,2020-11-27T18:10:15.100Z
6184,2020-06-03T16:49:42.406Z
2946,2020-06-03T16:49:42.406Z
5329,2020-06-03T16:49:42.406Z
6495,2021-02-22T16:37:01.430Z
6594,2021-03-07T16:34:32.699Z
1541,2020-06-03T16:49:42.406Z
3739,2020-06-03T16:49:42.406Z
2950,2020-06-03T16:49:42.406Z
3039,2020-06-03T16:49:42.406Z
3175,2020-06-03T16:49:42.406Z
5486,2020-06-03T16:49:42.406Z
5636,2020-06-03T16:49:42.406Z
6546,2021-03-06T13:13:31.579Z
5296,2020-06-03T16:49:42.406Z
3209,2020-06-03T16:49:42.406Z
3684,2020-06-03T16:49:42.406Z
5952,2020-06-03T16:49:42.406Z
6421,2020-11-24T15:18:14.718Z
3954,2020-06-03T16:49:42.406Z
6365,2020-10-20T14:40:29.479Z
5841,2020-06-03T16:49:42.406Z
3041,2020-06-03T16:49:42.406Z
3526,2020-06-03T16:49:42.406Z
6051,2020-06-03T16:49:42.406Z
5515,2020-06-03T16:49:42.406Z
5337,2020-06-03T16:49:42.406Z
5955,2020-06-03T16:49:42.406Z
5200,2020-06-03T16:49:42.406Z
5324,2020-06-03T16:49:42.406Z
6474,2021-02-22T15:46:28.395Z
1371,2020-06-03T16:49:42.406Z
6187,2020-06-03T16:49:42.406Z
3352,2020-06-03T16:49:42.406Z
3393,2020-06-03T16:49:42.406Z
6248,2020-06-03T16:49:42.406Z
5137,2020-06-03T16:49:42.406Z
3873,2020-06-03T16:49:42.406Z
3681,2020-06-03T16:49:42.406Z
5162,2020-06-03T16:49:42.406Z
5043,2020-06-03T16:49:42.406Z
2839,2020-06-03T16:49:42.406Z
5123,2020-06-03T16:49:42.406Z
3720,2020-06-03T16:49:42.406Z
5192,2020-06-03T16:49:42.406Z
5267,2020-06-03T16:49:42.406Z
5818,2020-06-03T16:49:42.406Z
6061,2020-06-03T16:49:42.406Z
5665,2020-06-03T16:49:42.406Z
5508,2020-06-03T16:49:42.406Z
5428,2020-06-03T16:49:42.406Z
5579,2020-06-03T16:49:42.406Z
3683,2020-06-03T16:49:42.406Z
6160,2020-06-03T16:49:42.406Z
6277,2020-06-03T16:49:42.406Z
3536,2020-06-03T16:49:42.406Z
2939,2020-06-03T16:49:42.406Z
6352,2020-09-16T16:54:00.618Z
2216,2020-06-03T16:49:42.406Z
5044,2020-06-03T16:49:42.406Z
5113,2020-06-03T16:49:42.406Z
5944,2020-06-03T16:49:42.406Z
3872,2020-06-03T16:49:42.406Z
5139,2020-06-03T16:49:42.406Z
3948,2020-06-03T16:49:42.406Z
6008,2020-06-03T16:49:42.406Z
5152,2020-06-03T16:49:42.406Z
1702,2020-06-03T16:49:42.406Z
3946,2020-06-03T16:49:42.406Z
1230,2020-06-03T16:49:42.406Z
6011,2020-06-03T16:49:42.406Z
5197,2020-06-03T16:49:42.406Z
3444,2020-06-03T16:49:42.406Z
6174,2020-06-03T16:49:42.406Z
1756,2020-06-03T16:49:42.406Z
5591,2020-06-03T16:49:42.406Z
2953,2020-06-03T16:49:42.406Z
5802,2020-06-03T16:49:42.406Z
3830,2020-06-03T16:49:42.406Z
6426,2020-11-27T13:24:52.319Z
5234,2020-06-03T16:49:42.406Z
5087,2020-06-03T16:49:42.406Z
5121,2020-06-03T16:49:42.406Z
5166,2020-06-03T16:49:42.406Z
6015,2020-06-03T16:49:42.406Z
6539,2021-03-06T11:23:46.131Z
5322,2020-06-03T16:49:42.406Z
6042,2020-06-03T16:49:42.406Z
3581,2020-06-03T16:49:42.406Z
5595,2020-06-03T16:49:42.406Z
3334,2020-06-03T16:49:42.406Z
2840,2020-06-03T16:49:42.406Z
6081,2020-06-03T16:49:42.406Z
2727,2020-06-03T16:49:42.406Z
3854,2020-06-03T16:49:42.406Z
3132,2020-06-03T16:49:42.406Z
3541,2020-06-03T16:49:42.406Z
5155,2020-06-03T16:49:42.406Z
5824,2020-06-03T16:49:42.406Z
2622,2020-06-03T16:49:42.406Z
5979,2020-06-03T16:49:42.406Z
6472,2021-02-21T17:53:43.981Z
3864,2020-06-03T16:49:42.406Z
3019,2020-06-03T16:49:42.406Z
5425,2020-06-03T16:49:42.406Z
6072,2020-06-03T16:49:42.406Z
3140,2020-06-03T16:49:42.406Z
5564,2020-06-03T16:49:42.406Z
6377,2020-10-25T11:43:22.288Z
3703,2020-06-03T16:49:42.406Z
5099,2020-06-03T16:49:42.406Z
3685,2020-06-03T16:49:42.406Z
3601,2020-06-03T16:49:42.406Z
5354,2020-06-03T16:49:42.406Z
5741,2020-06-03T16:49:42.406Z
5592,2020-06-03T16:49:42.406Z
6509,2021-02-28T14:05:39.446Z
3328,2020-06-03T16:49:42.406Z
6233,2020-06-03T16:49:42.406Z
5210,2020-06-03T16:49:42.406Z
5931,2020-06-03T16:49:42.406Z
2469,2020-06-03T16:49:42.406Z
2729,2020-06-03T16:49:42.406Z
3340,2020-06-03T16:49:42.406Z
5426,2020-06-03T16:49:42.406Z
3784,2020-06-03T16:49:42.406Z
6186,2020-06-03T16:49:42.406Z
6418,2020-11-24T11:48:43.940Z
6448,2020-12-19T18:51:45.450Z
6502,2021-02-23T14:04:57.815Z
3708,2020-06-03T16:49:42.406Z
3524,2020-06-03T16:49:42.406Z
5125,2020-06-03T16:49:42.406Z
3554,2020-06-03T16:49:42.406Z
3749,2020-06-03T16:49:42.406Z
5203,2020-06-03T16:49:42.406Z
3591,2020-06-03T16:49:42.406Z
5319,2020-06-03T16:49:42.406Z
3947,2020-06-03T16:49:42.406Z
3833,2020-06-03T16:49:42.406Z
5074,2020-06-03T16:49:42.406Z
6535,2021-03-01T14:39:53.696Z
5437,2020-06-03T16:49:42.406Z
3909,2020-06-03T16:49:42.406Z
3503,2020-06-03T16:49:42.406Z
3925,2020-06-03T16:49:42.406Z
3513,2020-06-03T16:49:42.406Z
5559,2020-06-03T16:49:42.406Z
3766,2020-06-03T16:49:42.406Z
1999,2020-06-03T16:49:42.406Z
5066,2020-06-03T16:49:42.406Z
5961,2020-06-03T16:49:42.406Z
3173,2020-06-03T16:49:42.406Z
5872,2020-06-03T16:49:42.406Z
5880,2020-06-03T16:49:42.406Z
3584,2020-06-03T16:49:42.406Z
6403,2020-11-01T15:24:46.670Z
3484,2020-06-03T16:49:42.406Z
3727,2020-06-03T16:49:42.406Z
3119,2020-06-03T16:49:42.406Z
3550,2020-06-03T16:49:42.406Z
5845,2020-06-03T16:49:42.406Z
5351,2020-06-03T16:49:42.406Z
2962,2020-06-03T16:49:42.406Z
3329,2020-06-03T16:49:42.406Z
3383,2020-06-03T16:49:42.406Z
3002,2020-06-03T16:49:42.406Z
6373,2020-10-24T18:28:49.316Z
3769,2020-06-03T16:49:42.406Z
6580,2021-03-07T14:59:03.183Z
3106,2020-06-03T16:49:42.406Z
3753,2020-06-03T16:49:42.406Z
5745,2020-06-03T16:49:42.406Z
5725,2020-06-03T16:49:42.406Z
3470,2020-06-03T16:49:42.406Z
2985,2020-06-03T16:49:42.406Z
5144,2020-06-03T16:49:42.406Z
5115,2020-06-03T16:49:42.406Z
5479,2020-06-03T16:49:42.406Z
3206,2020-06-03T16:49:42.406Z
6530,2021-03-01T11:14:16.282Z
3316,2020-06-03T16:49:42.406Z
2532,2020-06-03T16:49:42.406Z
5363,2020-06-03T16:49:42.406Z
3421,2020-06-03T16:49:42.406Z
3593,2020-06-03T16:49:42.406Z
3803,2020-06-03T16:49:42.406Z
5720,2020-06-03T16:49:42.406Z
5277,2020-06-03T16:49:42.406Z
3430,2020-06-03T16:49:42.406Z
3511,2020-06-03T16:49:42.406Z
6435,2020-12-12T16:39:47.912Z
6031,2020-06-03T16:49:42.406Z
3183,2020-06-03T16:49:42.406Z
5705,2020-06-03T16:49:42.406Z
6504,2021-02-23T14:06:32.017Z
5675,2020-06-03T16:49:42.406Z
5733,2020-06-03T16:49:42.406Z
3165,2020-06-03T16:49:42.406Z
2867,2020-06-03T16:49:42.406Z
6458,2021-01-10T23:43:24.227Z
3733,2020-06-03T16:49:42.406Z
5415,2020-06-03T16:49:42.406Z
5888,2020-06-03T16:49:42.406Z
5828,2020-06-03T16:49:42.406Z
2733,2020-06-03T16:49:42.406Z
2966,2020-06-03T16:49:42.406Z
3691,2020-06-03T16:49:42.406Z
6350,2020-08-19T13:15:40.944Z
5556,2020-06-03T16:49:42.406Z
3680,2020-06-03T16:49:42.406Z
3832,2020-06-03T16:49:42.406Z
2580,2020-06-03T16:49:42.406Z
2845,2020-06-03T16:49:42.406Z
5238,2020-06-03T16:49:42.406Z
5199,2020-06-03T16:49:42.406Z
5883,2020-06-03T16:49:42.406Z
5690,2020-06-03T16:49:42.406Z
3777,2020-06-03T16:49:42.406Z
2980,2020-06-03T16:49:42.406Z
5739,2020-06-03T16:49:42.406Z
5020,2020-06-03T16:49:42.406Z
6113,2020-06-03T16:49:42.406Z
3204,2020-06-03T16:49:42.406Z
2871,2020-06-03T16:49:42.406Z
5512,2020-06-03T16:49:42.406Z
5421,2020-06-03T16:49:42.406Z
5447,2020-06-03T16:49:42.406Z
5869,2020-06-03T16:49:42.406Z
3356,2020-06-03T16:49:42.406Z
2828,2020-06-03T16:49:42.406Z
3293,2020-06-03T16:49:42.406Z
2715,2020-06-03T16:49:42.406Z
2838,2020-06-03T16:49:42.406Z
6036,2020-06-03T16:49:42.406Z
5615,2020-06-03T16:49:42.406Z
3631,2020-06-03T16:49:42.406Z
5929,2020-06-03T16:49:42.406Z
5248,2020-06-03T16:49:42.406Z
3199,2020-06-03T16:49:42.406Z
2044,2020-06-03T16:49:42.406Z
6039,2020-06-03T16:49:42.406Z
5163,2020-06-03T16:49:42.406Z
3788,2020-06-03T16:49:42.406Z
5304,2020-06-03T16:49:42.406Z
5726,2020-06-03T16:49:42.406Z
6158,2020-06-03T16:49:42.406Z
2641,2020-06-03T16:49:42.406Z
6399,2020-11-01T15:09:56.067Z
3061,2020-06-03T16:49:42.406Z
5061,2020-06-03T16:49:42.406Z
5997,2020-06-03T16:49:42.406Z
5661,2020-06-03T16:49:42.406Z
5717,2020-06-03T16:49:42.406Z
2458,2020-06-03T16:49:42.406Z
5814,2020-06-03T16:49:42.406Z
6549,2021-03-06T13:44:26.702Z
3906,2020-06-03T16:49:42.406Z
6357,2020-10-20T11:16:41.917Z
5927,2020-06-03T16:49:42.406Z
3388,2020-06-03T16:49:42.406Z
2883,2020-06-03T16:49:42.406Z
3450,2020-06-03T16:49:42.406Z
1654,2020-06-03T16:49:42.406Z
3757,2020-06-03T16:49:42.406Z
3520,2020-06-03T16:49:42.406Z
3686,2020-06-03T16:49:42.406Z
3632,2020-06-03T16:49:42.406Z
6183,2020-06-03T16:49:42.406Z
3887,2020-06-03T16:49:42.406Z
3404,2020-06-03T16:49:42.406Z
6152,2020-06-03T16:49:42.406Z
3868,2020-06-03T16:49:42.406Z
5819,2020-06-03T16:49:42.406Z
3475,2020-06-03T16:49:42.406Z
5344,2020-06-03T16:49:42.406Z
6052,2020-06-03T16:49:42.406Z
6444,2020-12-16T17:53:00.300Z
6427,2020-11-27T16:44:25.717Z
2829,2020-06-03T16:49:42.406Z
3452,2020-06-03T16:49:42.406Z
3020,2020-06-03T16:49:42.406Z
5881,2020-06-03T16:49:42.406Z
5185,2020-06-03T16:49:42.406Z
3215,2020-06-03T16:49:42.406Z
6480,2021-02-22T15:55:10.949Z
2639,2020-06-03T16:49:42.406Z
5487,2020-06-03T16:49:42.406Z
3504,2020-06-03T16:49:42.406Z
3345,2020-06-03T16:49:42.406Z
3037,2020-06-03T16:49:42.406Z
3304,2020-06-03T16:49:42.406Z
5308,2020-06-03T16:49:42.406Z
6613,2021-03-13T13:12:15.217Z
5253,2020-06-03T16:49:42.406Z
6410,2020-11-01T22:07:33.827Z
3568,2020-06-03T16:49:42.406Z
2941,2020-06-03T16:49:42.406Z
5832,2020-06-03T16:49:42.406Z
3458,2020-06-03T16:49:42.406Z
5283,2020-06-03T16:49:42.406Z
2624,2020-06-03T16:49:42.406Z
3371,2020-06-03T16:49:42.406Z
3804,2020-06-03T16:49:42.406Z
2977,2020-06-03T16:49:42.406Z
5404,2020-06-03T16:49:42.406Z
6440,2020-12-16T12:25:15.784Z
2564,2020-06-03T16:49:42.406Z
3300,2020-06-03T16:49:42.406Z
3892,2020-06-03T16:49:42.406Z
3746,2020-06-03T16:49:42.406Z
6223,2020-06-03T16:49:42.406Z
3811,2020-06-03T16:49:42.406Z
6127,2020-06-03T16:49:42.406Z
5427,2020-06-03T16:49:42.406Z
6123,2020-06-03T16:49:42.406Z
6254,2020-06-03T16:49:42.406Z
3380,2020-06-03T16:49:42.406Z
3730,2020-06-03T16:49:42.406Z
5237,2020-06-03T16:49:42.406Z
3937,2020-06-03T16:49:42.406Z
3744,2020-06-03T16:49:42.406Z
5900,2020-06-03T16:49:42.406Z
3578,2020-06-03T16:49:42.406Z
6060,2020-06-03T16:49:42.406Z
3260,2020-06-03T16:49:42.406Z
5948,2020-06-03T16:49:42.406Z
3296,2020-06-03T16:49:42.406Z
5562,2020-06-03T16:49:42.406Z
6032,2020-06-03T16:49:42.406Z
5698,2020-06-03T16:49:42.406Z
2981,2020-06-03T16:49:42.406Z
1350,2020-06-03T16:49:42.406Z
5396,2020-06-03T16:49:42.406Z
5128,2020-06-03T16:49:42.406Z
5577,2020-06-03T16:49:42.406Z
2938,2020-06-03T16:49:42.406Z
6049,2020-06-03T16:49:42.406Z
6547,2021-03-06T13:16:21.085Z
5904,2020-06-03T16:49:42.406Z
3894,2020-06-03T16:49:42.406Z
3870,2020-06-03T16:49:42.406Z
5245,2020-06-03T16:49:42.406Z
5389,2020-06-03T16:49:42.406Z
5773,2020-06-03T16:49:42.406Z
1077,2020-06-03T16:49:42.406Z
5169,2020-06-03T16:49:42.406Z
5576,2020-06-03T16:49:42.406Z
6128,2020-06-03T16:49:42.406Z
3801,2020-06-03T16:49:42.406Z
6477,2021-02-22T15:52:38.668Z
3570,2020-06-03T16:49:42.406Z
5622,2020-06-03T16:49:42.406Z
6181,2020-06-03T16:49:42.406Z
3192,2020-06-03T16:49:42.406Z
5917,2020-06-03T16:49:42.406Z
6047,2020-06-03T16:49:42.406Z
6438,2020-12-16T12:00:23.576Z
3362,2020-06-03T16:49:42.406Z
3494,2020-06-03T16:49:42.406Z
3949,2020-06-03T16:49:42.406Z
5504,2020-06-03T16:49:42.406Z
3540,2020-06-03T16:49:42.406Z
6361,2020-10-20T14:29:41.596Z
2991,2020-06-03T16:49:42.406Z
5964,2020-06-03T16:49:42.406Z
5217,2020-06-03T16:49:42.406Z
5783,2020-06-03T16:49:42.406Z
5682,2020-06-03T16:49:42.406Z
2833,2020-06-03T16:49:42.406Z
3621,2020-06-03T16:49:42.406Z
3666,2020-06-03T16:49:42.406Z
3400,2020-06-03T16:49:42.406Z
3641,2020-06-03T16:49:42.406Z
1864,2020-06-03T16:49:42.406Z
3089,2020-06-03T16:49:42.406Z
6274,2020-06-03T16:49:42.406Z
3596,2020-06-03T16:49:42.406Z
3137,2020-06-03T16:49:42.406Z
3629,2020-06-03T16:49:42.406Z
5732,2020-06-03T16:49:42.406Z
2975,2020-06-03T16:49:42.406Z
5701,2020-06-03T16:49:42.406Z
5950,2020-06-03T16:49:42.406Z
5401,2020-06-03T16:49:42.406Z
5906,2020-06-03T16:49:42.406Z
5282,2020-06-03T16:49:42.406Z
5689,2020-06-03T16:49:42.406Z
6491,2021-02-22T16:32:25.745Z
3036,2020-06-03T16:49:42.406Z
5216,2020-06-03T16:49:42.406Z
2047,2020-06-03T16:49:42.406Z
6257,2020-06-03T16:49:42.406Z
5848,2020-06-03T16:49:42.406Z
3637,2020-06-03T16:49:42.406Z
5594,2020-06-03T16:49:42.406Z
3785,2020-06-03T16:49:42.406Z
3731,2020-06-03T16:49:42.406Z
2402,2020-06-03T16:49:42.406Z
3006,2020-06-03T16:49:42.406Z
6219,2020-06-03T16:49:42.406Z
6481,2021-02-22T15:56:06.313Z
5268,2020-06-03T16:49:42.406Z
3038,2020-06-03T16:49:42.406Z
5918,2020-06-03T16:49:42.406Z
3529,2020-06-03T16:49:42.406Z
3483,2020-06-03T16:49:42.406Z
3302,2020-06-03T16:49:42.406Z
6098,2020-06-03T16:49:42.406Z
5691,2020-06-03T16:49:42.406Z
6243,2020-06-03T16:49:42.406Z
100,2020-06-03T16:49:42.406Z
6379,2020-10-25T11:53:49.410Z
5740,2020-06-03T16:49:42.406Z
6212,2020-06-03T16:49:42.406Z
3622,2020-06-03T16:49:42.406Z
6263,2020-06-03T16:49:42.406Z
6555,2021-03-06T13:53:18.478Z
5898,2020-06-03T16:49:42.406Z
5772,2020-06-03T16:49:42.406Z
0883,2020-06-03T16:49:42.406Z
3562,2020-06-03T16:49:42.406Z
3003,2020-06-03T16:49:42.406Z
3411,2020-06-03T16:49:42.406Z
3050,2020-06-03T16:49:42.406Z
5412,2020-06-03T16:49:42.406Z
3890,2020-06-03T16:49:42.406Z
1775,2020-06-03T16:49:42.406Z
3360,2020-06-03T16:49:42.406Z
3363,2020-06-03T16:49:42.406Z
6579,2021-03-07T14:58:10.602Z
5037,2020-06-03T16:49:42.406Z
1164,2020-06-03T16:49:42.406Z
5378,2020-06-03T16:49:42.406Z
5126,2020-06-03T16:49:42.406Z
3665,2020-06-03T16:49:42.406Z
2955,2020-06-03T16:49:42.406Z
2968,2020-06-03T16:49:42.406Z
6058,2020-06-03T16:49:42.406Z
5443,2020-06-03T16:49:42.406Z
1198,2020-06-03T16:49:42.406Z
6401,2020-11-01T15:13:47.483Z
3618,2020-06-03T16:49:42.406Z
2863,2020-06-03T16:49:42.406Z
5760,2020-06-03T16:49:42.406Z
3335,2020-06-03T16:49:42.406Z
3606,2020-06-03T16:49:42.406Z
2842,2020-06-03T16:49:42.406Z
3443,2020-06-03T16:49:42.406Z
2888,2020-06-03T16:49:42.406Z
6449,2020-12-19T18:53:32.965Z
3290,2020-06-03T16:49:42.406Z
3980,2020-06-03T16:49:42.406Z
3901,2020-06-03T16:49:42.406Z
5699,2020-06-03T16:49:42.406Z
5193,2020-06-03T16:49:42.406Z
3220,2020-06-03T16:49:42.406Z
6618,2021-03-13T14:46:20.364Z
2896,2020-06-03T16:49:42.406Z
3799,2020-06-03T16:49:42.406Z
5975,2020-06-03T16:49:42.406Z
3009,2020-06-03T16:49:42.406Z
2837,2020-06-03T16:49:42.406Z
3821,2020-06-03T16:49:42.406Z
6236,2020-06-03T16:49:42.406Z
5111,2020-06-03T16:49:42.406Z
3919,2020-06-03T16:49:42.406Z
3664,2020-06-03T16:49:42.406Z
5278,2020-06-03T16:49:42.406Z
5132,2020-06-03T16:49:42.406Z
2740,2020-06-03T16:49:42.406Z
2257,2020-06-03T16:49:42.406Z
3696,2020-06-03T16:49:42.406Z
6503,2021-02-23T14:05:34.427Z
5039,2020-06-03T16:49:42.406Z
6137,2020-06-03T16:49:42.406Z
6593,2021-03-07T16:28:52.642Z
5076,2020-06-03T16:49:42.406Z
5209,2020-06-03T16:49:42.406Z
3336,2020-06-03T16:49:42.406Z
3969,2020-06-03T16:49:42.406Z
6534,2021-03-01T14:35:15.856Z
5485,2020-06-03T16:49:42.406Z
3348,2020-06-03T16:49:42.406Z
5770,2020-06-03T16:49:42.406Z
3979,2020-06-03T16:49:42.406Z
2992,2020-06-03T16:49:42.406Z
6364,2020-10-20T14:38:57.877Z
3712,2020-06-03T16:49:42.406Z
5362,2020-06-03T16:49:42.406Z
3386,2020-06-03T16:49:42.406Z
1189,2020-06-03T16:49:42.406Z
3911,2020-06-03T16:49:42.406Z
6096,2020-06-03T16:49:42.406Z
5743,2020-06-03T16:49:42.406Z
2892,2020-06-03T16:49:42.406Z
3112,2020-06-03T16:49:42.406Z
6544,2021-03-06T13:04:42.061Z
6074,2020-06-03T16:49:42.406Z
3514,2020-06-03T16:49:42.406Z
6269,2020-06-03T16:49:42.406Z
3965,2020-06-03T16:49:42.406Z
2931,2020-06-03T16:49:42.406Z
6222,2020-06-03T16:49:42.406Z
5406,2020-06-03T16:49:42.406Z
5915,2020-06-03T16:49:42.406Z
6537,2021-03-02T17:30:51.693Z
5830,2020-06-03T16:49:42.406Z
6136,2020-06-03T16:49:42.406Z
3389,2020-06-03T16:49:42.406Z
5731,2020-06-03T16:49:42.406Z
6586,2021-03-07T15:41:34.149Z
5516,2020-06-03T16:49:42.406Z
2903,2020-06-03T16:49:42.406Z
3652,2020-06-03T16:49:42.406Z
2844,2020-06-03T16:49:42.406Z
2086,2020-06-03T16:49:42.406Z
5034,2020-06-03T16:49:42.406Z
1019,2020-06-03T16:49:42.406Z
5995,2020-06-03T16:49:42.406Z
2880,2020-06-03T16:49:42.406Z
5843,2020-06-03T16:49:42.406Z
5811,2020-06-03T16:49:42.406Z
1018,2020-06-03T16:49:42.406Z
5834,2020-06-03T16:49:42.406Z
6501,2021-02-23T14:04:05.175Z
3188,2020-06-03T16:49:42.406Z
3889,2020-06-03T16:49:42.406Z
5030,2020-06-03T16:49:42.406Z
6101,2020-06-03T16:49:42.406Z
3959,2020-06-03T16:49:42.406Z
5055,2020-06-03T16:49:42.406Z
2990,2020-06-03T16:49:42.406Z
3922,2020-06-03T16:49:42.406Z
5809,2020-06-03T16:49:42.406Z
5934,2020-06-03T16:49:42.406Z
5080,2020-06-03T16:49:42.406Z
5093,2020-06-03T16:49:42.406Z
3639,2020-06-03T16:49:42.406Z
6420,2020-11-24T14:57:48.810Z
5332,2020-06-03T16:49:42.406Z
3728,2020-06-03T16:49:42.406Z
6578,2021-03-07T14:37:15.483Z
5124,2020-06-03T16:49:42.406Z
6261,2020-06-03T16:49:42.406Z
5735,2020-06-03T16:49:42.406Z
5098,2020-06-03T16:49:42.406Z
5939,2020-06-03T16:49:42.406Z
5794,2020-06-03T16:49:42.406Z
5518,2020-06-03T16:49:42.406Z
5184,2020-06-03T16:49:42.406Z
2890,2020-06-03T16:49:42.406Z
6442,2020-12-16T17:50:43.749Z
5534,2020-06-03T16:49:42.406Z
5908,2020-06-03T16:49:42.406Z
3369,2020-06-03T16:49:42.406Z
5405,2020-06-03T16:49:42.406Z
5284,2020-06-03T16:49:42.406Z
5924,2020-06-03T16:49:42.406Z
2350,2020-06-03T16:49:42.406Z
3134,2020-06-03T16:49:42.406Z
6415,2020-11-23T12:34:32.571Z
5146,2020-06-03T16:49:42.406Z
2544,2020-06-03T16:49:42.406Z
3698,2020-06-03T16:49:42.406Z
6433,2020-11-27T18:28:06.599Z
5548,2020-06-03T16:49:42.406Z
6464,2021-02-08T19:06:36.795Z
2610,2020-06-03T16:49:42.406Z
3497,2020-06-03T16:49:42.406Z
5580,2020-06-03T16:49:42.406Z
5138,2020-06-03T16:49:42.406Z
3160,2020-06-03T16:49:42.406Z
6561,2021-03-06T15:13:20.952Z
6526,2021-03-01T11:11:59.180Z
2926,2020-06-03T16:49:42.406Z
2947,2020-06-03T16:49:42.406Z
3017,2020-06-03T16:49:42.406Z
3051,2020-06-03T16:49:42.406Z
5388,2020-06-03T16:49:42.406Z
5416,2020-06-03T16:49:42.406Z
1770,2020-06-03T16:49:42.406Z
5785,2020-06-03T16:49:42.406Z
3131,2020-06-03T16:49:42.406Z
111,2020-06-03T16:49:42.406Z
2940,2020-06-03T16:49:42.406Z
5328,2020-06-03T16:49:42.406Z
5454,2020-06-03T16:49:42.406Z
3589,2020-06-03T16:49:42.406Z
5333,2020-06-03T16:49:42.406Z
1992,2020-06-03T16:49:42.406Z
6006,2020-06-03T16:49:42.406Z
6370,2020-10-24T18:14:24.718Z
6527,2021-03-01T11:12:40.237Z
6048,2020-06-03T16:49:42.406Z
5971,2020-06-03T16:49:42.406Z
5251,2020-06-03T16:49:42.406Z
5748,2020-06-03T16:49:42.406Z
5678,2020-06-03T16:49:42.406Z
3849,2020-06-03T16:49:42.406Z
6581,2021-03-07T15:07:41.009Z
5581,2020-06-03T16:49:42.406Z
5108,2020-06-03T16:49:42.406Z
6524,2021-03-01T11:01:21.446Z
5572,2020-06-03T16:49:42.406Z
5619,2020-06-03T16:49:42.406Z
5533,2020-06-03T16:49:42.406Z
5763,2020-06-03T16:49:42.406Z
6250,2020-06-03T16:49:42.406Z
3977,2020-06-03T16:49:42.406Z
5149,2020-06-03T16:49:42.406Z
3809,2020-06-03T16:49:42.406Z
6090,2020-06-03T16:49:42.406Z
3187,2020-06-03T16:49:42.406Z
3971,2020-06-03T16:49:42.406Z
2972,2020-06-03T16:49:42.406Z
3168,2020-06-03T16:49:42.406Z
5630,2020-06-03T16:49:42.406Z
5019,2020-06-03T16:49:42.406Z
3210,2020-06-03T16:49:42.406Z
3163,2020-06-03T16:49:42.406Z
6390,2020-10-27T15:17:33.828Z
3843,2020-06-03T16:49:42.406Z
3123,2020-06-03T16:49:42.406Z
6135,2020-06-03T16:49:42.406Z
5923,2020-06-03T16:49:42.406Z
3073,2020-06-03T16:49:42.406Z
5257,2020-06-03T16:49:42.406Z
6120,2020-06-03T16:49:42.406Z
3587,2020-06-03T16:49:42.406Z
5259,2020-06-03T16:49:42.406Z
3797,2020-06-03T16:49:42.406Z
3072,2020-06-03T16:49:42.406Z
2841,2020-06-03T16:49:42.406Z
3181,2020-06-03T16:49:42.406Z
6354,2020-10-20T10:57:12.925Z
6434,2020-11-27T21:19:05.457Z
6554,2021-03-06T13:53:09.727Z
2640,2020-06-03T16:49:42.406Z
6244,2020-06-03T16:49:42.406Z
6230,2020-06-03T16:49:42.406Z
2814,2020-06-03T16:49:42.406Z
2854,2020-06-03T16:49:42.406Z
3855,2020-06-03T16:49:42.406Z
3651,2020-06-03T16:49:42.406Z
5276,2020-06-03T16:49:42.406Z
2500,2020-06-03T16:49:42.406Z
6004,2020-06-03T16:49:42.406Z
2914,2020-06-03T16:49:42.406Z
1366,2020-06-03T16:49:42.406Z
3759,2020-06-03T16:49:42.406Z
5628,2020-06-03T16:49:42.406Z
6437,2020-12-15T20:46:28.491Z
5982,2020-06-03T16:49:42.406Z
3104,2020-06-03T16:49:42.406Z
3931,2020-06-03T16:49:42.406Z
5013,2020-06-03T16:49:42.406Z
5719,2020-06-03T16:49:42.406Z
3096,2020-06-03T16:49:42.406Z
6398,2020-11-01T14:45:58.081Z
6416,2020-11-23T15:27:41.100Z
3118,2020-06-03T16:49:42.406Z
5029,2020-06-03T16:49:42.406Z
5617,2020-06-03T16:49:42.406Z
1001,2020-06-03T16:49:42.406Z
5651,2020-06-03T16:49:42.406Z
3087,2020-06-03T16:49:42.406Z
5379,2020-06-03T16:49:42.406Z
5633,2020-06-03T16:49:42.406Z
5158,2020-06-03T16:49:42.406Z
1606,2020-06-03T16:49:42.406Z
3429,2020-06-03T16:49:42.406Z
6471,2021-02-21T14:59:38.334Z
6197,2020-06-03T16:49:42.406Z
5793,2020-06-03T16:49:42.406Z
5005,2020-06-03T16:49:42.406Z
5050,2020-06-03T16:49:42.406Z
2855,2020-06-03T16:49:42.406Z
5131,2020-06-03T16:49:42.406Z
6028,2020-06-03T16:49:42.406Z
5011,2020-06-03T16:49:42.406Z
2997,2020-06-03T16:49:42.406Z
5578,2020-06-03T16:49:42.406Z
5703,2020-06-03T16:49:42.406Z
6131,2020-06-03T16:49:42.406Z
3325,2020-06-03T16:49:42.406Z
3078,2020-06-03T16:49:42.406Z
3774,2020-06-03T16:49:42.406Z
3324,2020-06-03T16:49:42.406Z
3763,2020-06-03T16:49:42.406Z
5807,2020-06-03T16:49:42.406Z
3301,2020-06-03T16:49:42.406Z
6082,2020-06-03T16:49:42.406Z
3074,2020-06-03T16:49:42.406Z
5936,2020-06-03T16:49:42.406Z
3662,2020-06-03T16:49:42.406Z
5502,2020-06-03T16:49:42.406Z
3754,2020-06-03T16:49:42.406Z
19,2020-06-03T16:49:42.406Z
5919,2020-06-03T16:49:42.406Z
6551,2021-03-06T13:52:10.265Z
3961,2020-06-03T16:49:42.406Z
6077,2020-06-03T16:49:42.406Z
5295,2020-06-03T16:49:42.406Z
5469,2020-06-03T16:49:42.406Z
6265,2020-06-03T16:49:42.406Z
3130,2020-06-03T16:49:42.406Z
5112,2020-06-03T16:49:42.406Z
6080,2020-06-03T16:49:42.406Z
5517,2020-06-03T16:49:42.406Z
5860,2020-06-03T16:49:42.406Z
3508,2020-06-03T16:49:42.406Z
6572,2021-03-07T13:53:15.242Z
5292,2020-06-03T16:49:42.406Z
0902,2020-06-03T16:49:42.406Z
3941,2020-06-03T16:49:42.406Z
5243,2020-06-03T16:49:42.406Z
2562,2020-06-03T16:49:42.406Z
5712,2020-06-03T16:49:42.406Z
2698,2020-06-03T16:49:42.406Z
5677,2020-06-03T16:49:42.406Z
5588,2020-06-03T16:49:42.406Z
3186,2020-06-03T16:49:42.406Z
6475,2021-02-22T15:47:45.053Z
6582,2021-03-07T15:09:41.662Z
5862,2020-06-03T16:49:42.406Z
5547,2020-06-03T16:49:42.406Z
3307,2020-06-03T16:49:42.406Z
3762,2020-06-03T16:49:42.406Z
3064,2020-06-03T16:49:42.406Z
5649,2020-06-03T16:49:42.406Z
5343,2020-06-03T16:49:42.406Z
5265,2020-06-03T16:49:42.406Z
3154,2020-06-03T16:49:42.406Z
3537,2020-06-03T16:49:42.406Z
6073,2020-06-03T16:49:42.406Z
5118,2020-06-03T16:49:42.406Z
5670,2020-06-03T16:49:42.406Z
6493,2021-02-22T16:34:49.055Z
3368,2020-06-03T16:49:42.406Z
3602,2020-06-03T16:49:42.406Z
6550,2021-03-06T13:45:05.903Z
3571,2020-06-03T16:49:42.406Z
6411,2020-11-01T22:14:28.308Z
6423,2020-11-27T13:04:39.249Z
6619,2021-03-13T15:25:46.108Z
5490,2020-06-03T16:49:42.406Z
5778,2020-06-03T16:49:42.406Z
6182,2020-06-03T16:49:42.406Z
3711,2020-06-03T16:49:42.406Z
3449,2020-06-03T16:49:42.406Z
6568,2021-03-07T10:54:06.897Z
5537,2020-06-03T16:49:42.406Z
3750,2020-06-03T16:49:42.406Z
3418,2020-06-03T16:49:42.406Z
3045,2020-06-03T16:49:42.406Z
3619,2020-06-03T16:49:42.406Z
1543,2020-06-03T16:49:42.406Z
2924,2020-06-03T16:49:42.406Z
2253,2020-06-03T16:49:42.406Z
3510,2020-06-03T16:49:42.406Z
2989,2020-06-03T16:49:42.406Z
3786,2020-06-03T16:49:42.406Z
2925,2020-06-03T16:49:42.406Z
3719,2020-06-03T16:49:42.406Z
3697,2020-06-03T16:49:42.406Z
5899,2020-06-03T16:49:42.406Z
6355,2020-10-20T10:58:11.159Z
6273,2020-06-03T16:49:42.406Z
5635,2020-06-03T16:49:42.406Z
5889,2020-06-03T16:49:42.406Z
3729,2020-06-03T16:49:42.406Z
2904,2020-06-03T16:49:42.406Z
5679,2020-06-03T16:49:42.406Z
2920,2020-06-03T16:49:42.406Z
6381,2020-10-25T12:01:08.565Z
5803,2020-06-03T16:49:42.406Z
5753,2020-06-03T16:49:42.406Z
5884,2020-06-03T16:49:42.406Z
2488,2020-06-03T16:49:42.406Z
5398,2020-06-03T16:49:42.406Z
5033,2020-06-03T16:49:42.406Z
6168,2020-06-03T16:49:42.406Z
5613,2020-06-03T16:49:42.406Z
3688,2020-06-03T16:49:42.406Z
6110,2020-06-03T16:49:42.406Z
3382,2020-06-03T16:49:42.406Z
6402,2020-11-01T15:21:25.220Z
2868,2020-06-03T16:49:42.406Z
3677,2020-06-03T16:49:42.406Z
3521,2020-06-03T16:49:42.406Z
3040,2020-06-03T16:49:42.406Z
5090,2020-06-03T16:49:42.406Z
5643,2020-06-03T16:49:42.406Z
5858,2020-06-03T16:49:42.406Z
6583,2021-03-07T15:17:26.126Z
3580,2020-06-03T16:49:42.406Z
3839,2020-06-03T16:49:42.406Z
3863,2020-06-03T16:49:42.406Z
3385,2020-06-03T16:49:42.406Z
3917,2020-06-03T16:49:42.406Z
5230,2020-06-03T16:49:42.406Z
3214,2020-06-03T16:49:42.406Z
6177,2020-06-03T16:49:42.406Z
2772,2020-06-03T16:49:42.406Z
3399,2020-06-03T16:49:42.406Z
5269,2020-06-03T16:49:42.406Z
3250,2020-06-03T16:49:42.406Z
5816,2020-06-03T16:49:42.406Z
5568,2020-06-03T16:49:42.406Z
5820,2020-06-03T16:49:42.406Z
5980,2020-06-03T16:49:42.406Z
5600,2020-06-03T16:49:42.406Z
1559,2020-06-03T16:49:42.406Z
2732,2020-06-03T16:49:42.406Z
2817,2020-06-03T16:49:42.406Z
5722,2020-06-03T16:49:42.406Z
3109,2020-06-03T16:49:42.406Z
5551,2020-06-03T16:49:42.406Z
5625,2020-06-03T16:49:42.406Z
6063,2020-06-03T16:49:42.406Z
5027,2020-06-03T16:49:42.406Z
3923,2020-06-03T16:49:42.406Z
3895,2020-06-03T16:49:42.406Z
6012,2020-06-03T16:49:42.406Z
6138,2020-06-03T16:49:42.406Z
3973,2020-06-03T16:49:42.406Z
5749,2020-06-03T16:49:42.406Z
6598,2021-03-11T20:13:43.594Z
3814,2020-06-03T16:49:42.406Z
3752,2020-06-03T16:49:42.406Z
5779,2020-06-03T16:49:42.406Z
3467,2020-06-03T16:49:42.406Z
3930,2020-06-03T16:49:42.406Z
3170,2020-06-03T16:49:42.406Z
3088,2020-06-03T16:49:42.406Z
6391,2020-10-30T15:20:43.501Z
5706,2020-06-03T16:49:42.406Z
6510,2021-02-28T14:08:33.714Z
3436,2020-06-03T16:49:42.406Z
2864,2020-06-03T16:49:42.406Z
3670,2020-06-03T16:49:42.406Z
5016,2020-06-03T16:49:42.406Z
5870,2020-06-03T16:49:42.406Z
2395,2020-06-03T16:49:42.406Z
5836,2020-06-03T16:49:42.406Z
5327,2020-06-03T16:49:42.406Z
5107,2020-06-03T16:49:42.406Z
3561,2020-06-03T16:49:42.406Z
3292,2020-06-03T16:49:42.406Z
6479,2021-02-22T15:54:06.380Z
3515,2020-06-03T16:49:42.406Z
2496,2020-06-03T16:49:42.406Z
3182,2020-06-03T16:49:42.406Z
5384,2020-06-03T16:49:42.406Z
3705,2020-06-03T16:49:42.406Z
5174,2020-06-03T16:49:42.406Z
5993,2020-06-03T16:49:42.406Z
5718,2020-06-03T16:49:42.406Z
6589,2021-03-07T16:04:14.481Z
5866,2020-06-03T16:49:42.406Z
3624,2020-06-03T16:49:42.406Z
6154,2020-06-03T16:49:42.406Z
5073,2020-06-03T16:49:42.406Z
3704,2020-06-03T16:49:42.406Z
6548,2021-03-06T13:17:44.619Z
3567,2020-06-03T16:49:42.406Z
3116,2020-06-03T16:49:42.406Z
6441,2020-12-16T17:13:57.069Z
5334,2020-06-03T16:49:42.406Z
5130,2020-06-03T16:49:42.406Z
3176,2020-06-03T16:49:42.406Z
3755,2020-06-03T16:49:42.406Z
3100,2020-06-03T16:49:42.406Z
641,2020-06-03T16:49:42.406Z
5303,2020-06-03T16:49:42.406Z
6055,2020-06-03T16:49:42.406Z
6235,2020-06-03T16:49:42.406Z
5570,2020-06-03T16:49:42.406Z
3768,2020-06-03T16:49:42.406Z
5623,2020-06-03T16:49:42.406Z
5359,2020-06-03T16:49:42.406Z
6492,2021-02-22T16:33:37.494Z
3349,2020-06-03T16:49:42.406Z
3027,2020-06-03T16:49:42.406Z
5300,2020-06-03T16:49:42.406Z
5852,2020-06-03T16:49:42.406Z
1894,2020-06-03T16:49:42.406Z
5483,2020-06-03T16:49:42.406Z
6218,2020-06-03T16:49:42.406Z
3122,2020-06-03T16:49:42.406Z
3101,2020-06-03T16:49:42.406Z
6211,2020-06-03T16:49:42.406Z
3043,2020-06-03T16:49:42.406Z
3551,2020-06-03T16:49:42.406Z
2774,2020-06-03T16:49:42.406Z
6528,2021-03-01T11:13:02.617Z
1645,2020-06-03T16:49:42.406Z
5968,2020-06-03T16:49:42.406Z
6605,2021-03-12T16:10:28.901Z
6538,2021-03-02T17:46:20.037Z
3983,2020-06-03T16:49:42.406Z
5266,2020-06-03T16:49:42.406Z
3655,2020-06-03T16:49:42.406Z
3295,2020-06-03T16:49:42.406Z
3354,2020-06-03T16:49:42.406Z
6604,2021-03-12T16:03:08.100Z
5769,2020-06-03T16:49:42.406Z
6157,2020-06-03T16:49:42.406Z
3869,2020-06-03T16:49:42.406Z
3409,2020-06-03T16:49:42.406Z
2967,2020-06-03T16:49:42.406Z
5187,2020-06-03T16:49:42.406Z
5042,2020-06-03T16:49:42.406Z
3060,2020-06-03T16:49:42.406Z
3001,2020-06-03T16:49:42.406Z
5301,2020-06-03T16:49:42.406Z
3434,2020-06-03T16:49:42.406Z
3765,2020-06-03T16:49:42.406Z
3125,2020-06-03T16:49:42.406Z
2879,2020-06-03T16:49:42.406Z
6175,2020-06-03T16:49:42.406Z
6536,2021-03-01T14:40:31.404Z
5823,2020-06-03T16:49:42.406Z
3113,2020-06-03T16:49:42.406Z
1852,2020-06-03T16:49:42.406Z
5338,2020-06-03T16:49:42.406Z
3203,2020-06-03T16:49:42.406Z
2942,2020-06-03T16:49:42.406Z
5983,2020-06-03T16:49:42.406Z
3748,2020-06-03T16:49:42.406Z
5684,2020-06-03T16:49:42.406Z
5801,2020-06-03T16:49:42.406Z
5987,2020-06-03T16:49:42.406Z
2987,2020-06-03T16:49:42.406Z
5084,2020-06-03T16:49:42.406Z
5855,2020-06-03T16:49:42.406Z
5471,2020-06-03T16:49:42.406Z
3342,2020-06-03T16:49:42.406Z
5598,2020-06-03T16:49:42.406Z
263,2020-06-03T16:49:42.406Z
6384,2020-10-26T10:55:44.476Z
3069,2020-06-03T16:49:42.406Z
5171,2020-06-03T16:49:42.406Z
5148,2020-06-03T16:49:42.406Z
3365,2020-06-03T16:49:42.406Z
3405,2020-06-03T16:49:42.406Z
3885,2020-06-03T16:49:42.406Z
5833,2020-06-03T16:49:42.406Z
5724,2020-06-03T16:49:42.406Z
5106,2020-06-03T16:49:42.406Z
5781,2020-06-03T16:49:42.406Z
3875,2020-06-03T16:49:42.406Z
3025,2020-06-03T16:49:42.406Z
3044,2020-06-03T16:49:42.406Z
5475,2020-06-03T16:49:42.406Z
3164,2020-06-03T16:49:42.406Z
1811,2020-06-03T16:49:42.406Z
3332,2020-06-03T16:49:42.406Z
5574,2020-06-03T16:49:42.406Z
5727,2020-06-03T16:49:42.406Z
2684,2020-06-03T16:49:42.406Z
3076,2020-06-03T16:49:42.406Z
3004,2020-06-03T16:49:42.406Z
3053,2020-06-03T16:49:42.406Z
6159,2020-06-03T16:49:42.406Z
5189,2020-06-03T16:49:42.406Z
3314,2020-06-03T16:49:42.406Z
2396,2020-06-03T16:49:42.406Z
3898,2020-06-03T16:49:42.406Z
3161,2020-06-03T16:49:42.406Z
2419,2020-06-03T16:49:42.406Z
3428,2020-06-03T16:49:42.406Z
6194,2020-06-03T16:49:42.406Z
5920,2020-06-03T16:49:42.406Z
3384,2020-06-03T16:49:42.406Z
2960,2020-06-03T16:49:42.406Z
6195,2020-06-03T16:49:42.406Z
5938,2020-06-03T16:49:42.406Z
3714,2020-06-03T16:49:42.406Z
3305,2020-06-03T16:49:42.406Z
3062,2020-06-03T16:49:42.406Z
3836,2020-06-03T16:49:42.406Z
5742,2020-06-03T16:49:42.406Z
2005,2020-06-03T16:49:42.406Z
5692,2020-06-03T16:49:42.406Z
6276,2020-06-03T16:49:42.406Z
3867,2020-06-03T16:49:42.406Z
6603,2021-03-12T16:02:50.110Z
5672,2020-06-03T16:49:42.406Z
5242,2020-06-03T16:49:42.406Z
3669,2020-06-03T16:49:42.406Z
6126,2020-06-03T16:49:42.406Z
5624,2020-06-03T16:49:42.406Z
5878,2020-06-03T16:49:42.406Z
5240,2020-06-03T16:49:42.406Z
6253,2020-06-03T16:49:42.406Z
3555,2020-06-03T16:49:42.406Z
3845,2020-06-03T16:49:42.406Z
3975,2020-06-03T16:49:42.406Z
5346,2020-06-03T16:49:42.406Z
5958,2020-06-03T16:49:42.406Z
3198,2020-06-03T16:49:42.406Z
3633,2020-06-03T16:49:42.406Z
5996,2020-06-03T16:49:42.406Z
5220,2020-06-03T16:49:42.406Z
5998,2020-06-03T16:49:42.406Z
3896,2020-06-03T16:49:42.406Z
2831,2020-06-03T16:49:42.406Z
3654,2020-06-03T16:49:42.406Z
3806,2020-06-03T16:49:42.406Z
3194,2020-06-03T16:49:42.406Z
1116,2020-06-03T16:49:42.406Z
3852,2020-06-03T16:49:42.406Z
2853,2020-06-03T16:49:42.406Z
5523,2020-06-03T16:49:42.406Z
5656,2020-06-03T16:49:42.406Z
1059,2020-06-03T16:49:42.406Z
6237,2020-06-03T16:49:42.406Z
3339,2020-06-03T16:49:42.406Z
6115,2020-06-03T16:49:42.406Z
6454,2020-12-29T18:49:28.088Z
6122,2020-06-03T16:49:42.406Z
3065,2020-06-03T16:49:42.406Z
5297,2020-06-03T16:49:42.406Z
5607,2020-06-03T16:49:42.406Z
5331,2020-06-03T16:49:42.406Z
3376,2020-06-03T16:49:42.406Z
3219,2020-06-03T16:49:42.406Z
6209,2020-06-03T16:49:42.406Z
3772,2020-06-03T16:49:42.406Z
6590,2021-03-07T16:04:33.004Z
5478,2020-06-03T16:49:42.406Z
6358,2020-10-20T14:18:01.237Z
5414,2020-06-03T16:49:42.406Z
3375,2020-06-03T16:49:42.406Z
3322,2020-06-03T16:49:42.406Z
3469,2020-06-03T16:49:42.406Z
5756,2020-06-03T16:49:42.406Z
6238,2020-06-03T16:49:42.406Z
6488,2021-02-22T16:28:24.884Z
6067,2020-06-03T16:49:42.406Z
3234,2020-06-03T16:49:42.406Z
3612,2020-06-03T16:49:42.406Z
3082,2020-06-03T16:49:42.406Z
1996,2020-06-03T16:49:42.406Z
6149,2020-06-03T16:49:42.406Z
5335,2020-06-03T16:49:42.406Z
6171,2020-06-03T16:49:42.406Z
5991,2020-06-03T16:49:42.406Z
5711,2020-06-03T16:49:42.406Z
5275,2020-06-03T16:49:42.406Z
3636,2020-06-03T16:49:42.406Z
5180,2020-06-03T16:49:42.406Z
5157,2020-06-03T16:49:42.406Z
5178,2020-06-03T16:49:42.406Z
6267,2020-06-03T16:49:42.406Z
6088,2020-06-03T16:49:42.406Z
3569,2020-06-03T16:49:42.406Z
5420,2020-06-03T16:49:42.406Z
5287,2020-06-03T16:49:42.406Z
2827,2020-06-03T16:49:42.406Z
5008,2020-06-03T16:49:42.406Z
5903,2020-06-03T16:49:42.406Z
3341,2020-06-03T16:49:42.406Z
6150,2020-06-03T16:49:42.406Z
5246,2020-06-03T16:49:42.406Z
3058,2020-06-03T16:49:42.406Z
3439,2020-06-03T16:49:42.406Z
2918,2020-06-03T16:49:42.406Z
6108,2020-06-03T16:49:42.406Z
1605,2020-06-03T16:49:42.406Z
6569,2021-03-07T11:55:59.266Z
3257,2020-06-03T16:49:42.406Z
5010,2020-06-03T16:49:42.406Z
5837,2020-06-03T16:49:42.406Z
6430,2020-11-27T17:14:44.548Z
3315,2020-06-03T16:49:42.406Z
5667,2020-06-03T16:49:42.406Z
2894,2020-06-03T16:49:42.406Z
5519,2020-06-03T16:49:42.406Z
6121,2020-06-03T16:49:42.406Z
-1,2020-06-03T16:49:42.406Z
3607,2020-06-03T16:49:42.406Z
3676,2020-06-03T16:49:42.406Z
5047,2020-06-03T16:49:42.406Z
2902,2020-06-03T16:49:42.406Z
5060,2020-06-03T16:49:42.406Z
5545,2020-06-03T16:49:42.406Z
3893,2020-06-03T16:49:42.406Z
5526,2020-06-03T16:49:42.406Z
5893,2020-06-03T16:49:42.406Z
3829,2020-06-03T16:49:42.406Z
6176,2020-06-03T16:49:42.406Z
3702,2020-06-03T16:49:42.406Z
6375,2020-10-25T11:40:36.462Z
5797,2020-06-03T16:49:42.406Z
5114,2020-06-03T16:49:42.406Z
1124,2020-06-03T16:49:42.406Z
6105,2020-06-03T16:49:42.406Z
2076,2020-06-03T16:49:42.406Z
3678,2020-06-03T16:49:42.406Z
2354,2020-06-03T16:49:42.406Z
3741,2020-06-03T16:49:42.406Z
6445,2020-12-16T19:17:43.329Z
5810,2020-06-03T16:49:42.406Z
3586,2020-06-03T16:49:42.406Z
3916,2020-06-03T16:49:42.406Z
6221,2020-06-03T16:49:42.406Z
6046,2020-06-03T16:49:42.406Z
3090,2020-06-03T16:49:42.406Z
2529,2020-06-03T16:49:42.406Z
2891,2020-06-03T16:49:42.406Z
2211,2020-06-03T16:49:42.406Z
6278,2020-06-03T16:49:42.406Z
3538,2020-06-03T16:49:42.406Z
5172,2020-06-03T16:49:42.406Z
1233,2020-06-03T16:49:42.406Z
3121,2020-06-03T16:49:42.406Z
5659,2020-06-03T16:49:42.406Z
6140,2020-06-03T16:49:42.406Z
3563,2020-06-03T16:49:42.406Z
2846,2020-06-03T16:49:42.406Z
5655,2020-06-03T16:49:42.406Z
2578,2020-06-03T16:49:42.406Z
5195,2020-06-03T16:49:42.406Z
5865,2020-06-03T16:49:42.406Z
5886,2020-06-03T16:49:42.406Z
6404,2020-11-01T15:28:04.035Z
3630,2020-06-03T16:49:42.406Z
5151,2020-06-03T16:49:42.406Z
5774,2020-06-03T16:49:42.406Z
6467,2021-02-12T10:54:04.292Z
6577,2021-03-07T14:09:10.581Z
5281,2020-06-03T16:49:42.406Z
5082,2020-06-03T16:49:42.406Z
3473,2020-06-03T16:49:42.406Z
3817,2020-06-03T16:49:42.406Z
6272,2020-06-03T16:49:42.406Z
2899,2020-06-03T16:49:42.406Z
5707,2020-06-03T16:49:42.406Z
2922,2020-06-03T16:49:42.406Z
5256,2020-06-03T16:49:42.406Z
6552,2021-03-06T13:52:45.020Z
3582,2020-06-03T16:49:42.406Z
5052,2020-06-03T16:49:42.406Z
5104,2020-06-03T16:49:42.406Z
5468,2020-06-03T16:49:42.406Z
2885,2020-06-03T16:49:42.406Z
5642,2020-06-03T16:49:42.406Z
5654,2020-06-03T16:49:42.406Z
5790,2020-06-03T16:49:42.406Z
6457,2021-01-10T18:56:40.801Z
3394,2020-06-03T16:49:42.406Z
6465,2021-02-12T10:39:10.040Z
5455,2020-06-03T16:49:42.406Z
3594,2020-06-03T16:49:42.406Z
5196,2020-06-03T16:49:42.406Z
1512,2020-06-03T16:49:42.406Z
2234,2020-06-03T16:49:42.406Z
5653,2020-06-03T16:49:42.406Z
3338,2020-06-03T16:49:42.406Z
2937,2020-06-03T16:49:42.406Z
5965,2020-06-03T16:49:42.406Z
3623,2020-06-03T16:49:42.406Z
3330,2020-06-03T16:49:42.406Z
6591,2021-03-07T16:07:39.731Z
3282,2020-06-03T16:49:42.406Z
5116,2020-06-03T16:49:42.406Z
5236,2020-06-03T16:49:42.406Z
3527,2020-06-03T16:49:42.406Z
3531,2020-06-03T16:49:42.406Z
2917,2020-06-03T16:49:42.406Z
5481,2020-06-03T16:49:42.406Z
3966,2020-06-03T16:49:42.406Z
3166,2020-06-03T16:49:42.406Z
3288,2020-06-03T16:49:42.406Z
5849,2020-06-03T16:49:42.406Z
5764,2020-06-03T16:49:42.406Z
3395,2020-06-03T16:49:42.406Z
5767,2020-06-03T16:49:42.406Z
3306,2020-06-03T16:49:42.406Z
5571,2020-06-03T16:49:42.406Z
3042,2020-06-03T16:49:42.406Z
6198,2020-06-03T16:49:42.406Z
2911,2020-06-03T16:49:42.406Z
5063,2020-06-03T16:49:42.406Z
2993,2020-06-03T16:49:42.406Z
3846,2020-06-03T16:49:42.406Z
5895,2020-06-03T16:49:42.406Z
5693,2020-06-03T16:49:42.406Z
5089,2020-06-03T16:49:42.406Z
6413,2020-11-11T11:16:58.514Z
6147,2020-06-03T16:49:42.406Z
2915,2020-06-03T16:49:42.406Z
5410,2020-06-03T16:49:42.406Z
6193,2020-06-03T16:49:42.406Z
3690,2020-06-03T16:49:42.406Z
5041,2020-06-03T16:49:42.406Z
6112,2020-06-03T16:49:42.406Z
3178,2020-06-03T16:49:42.406Z
3516,2020-06-03T16:49:42.406Z
3924,2020-06-03T16:49:42.406Z
5339,2020-06-03T16:49:42.406Z
5871,2020-06-03T16:49:42.406Z
2537,2020-06-03T16:49:42.406Z
6417,2020-11-24T11:11:06.139Z
5905,2020-06-03T16:49:42.406Z
5321,2020-06-03T16:49:42.406Z
2750,2020-06-03T16:49:42.406Z
6515,2021-02-28T18:51:05.466Z
5239,2020-06-03T16:49:42.406Z
6156,2020-06-03T16:49:42.406Z
3184,2020-06-03T16:49:42.406Z
3079,2020-06-03T16:49:42.406Z
3152,2020-06-03T16:49:42.406Z
3943,2020-06-03T16:49:42.406Z
5211,2020-06-03T16:49:42.406Z
2667,2020-06-03T16:49:42.406Z
5429,2020-06-03T16:49:42.406Z
3478,2020-06-03T16:49:42.406Z
3857,2020-06-03T16:49:42.406Z
3721,2020-06-03T16:49:42.406Z
3876,2020-06-03T16:49:42.406Z
2858,2020-06-03T16:49:42.406Z
6485,2021-02-22T16:07:00.889Z
3200,2020-06-03T16:49:42.406Z
5787,2020-06-03T16:49:42.406Z
2390,2020-06-03T16:49:42.406Z
0856,2020-06-03T16:49:42.406Z
3482,2020-06-03T16:49:42.406Z
3397,2020-06-03T16:49:42.406Z
5466,2020-06-03T16:49:42.406Z
3018,2020-06-03T16:49:42.406Z
5510,2020-06-03T16:49:42.406Z
3048,2020-06-03T16:49:42.406Z
3657,2020-06-03T16:49:42.406Z
6567,2021-03-06T19:47:38.886Z
5721,2020-06-03T16:49:42.406Z
3547,2020-06-03T16:49:42.406Z
3692,2020-06-03T16:49:42.406Z
1989,2020-06-03T16:49:42.406Z
3848,2021-03-01T11:35:59.165Z
5294,2020-06-03T16:49:42.406Z
2726,2020-06-03T16:49:42.406Z
6116,2020-06-03T16:49:42.406Z
5985,2020-06-03T16:49:42.406Z
6220,2020-06-03T16:49:42.406Z
3556,2020-06-03T16:49:42.406Z
3008,2020-06-03T16:49:42.406Z
2876,2020-06-03T16:49:42.406Z
2830,2020-06-03T16:49:42.406Z
3743,2020-06-03T16:49:42.406Z
2886,2020-06-03T16:49:42.406Z
3751,2020-06-03T16:49:42.406Z
2927,2020-06-03T16:49:42.406Z
5317,2020-06-03T16:49:42.406Z
3095,2020-06-03T16:49:42.406Z
6387,2020-10-27T13:18:31.286Z
3928,2020-06-03T16:49:42.406Z
5966,2020-06-03T16:49:42.406Z
6228,2020-06-03T16:49:42.406Z
6001,2020-06-03T16:49:42.406Z
3167,2020-06-03T16:49:42.406Z
6172,2020-06-03T16:49:42.406Z
3110,2020-06-03T16:49:42.406Z
6142,2020-06-03T16:49:42.406Z
6595,2021-03-07T16:36:45.658Z
3880,2020-06-03T16:49:42.406Z
5708,2020-06-03T16:49:42.406Z
5105,2020-06-03T16:49:42.406Z
2956,2020-06-03T16:49:42.406Z
2963,2020-06-03T16:49:42.406Z
5440,2020-06-03T16:49:42.406Z
3530,2020-06-03T16:49:42.406Z
2764,2020-06-03T16:49:42.406Z
3392,2020-06-03T16:49:42.406Z
5697,2020-06-03T16:49:42.406Z
6360,2020-10-20T14:27:38.019Z
5491,2020-06-03T16:49:42.406Z
5509,2020-06-03T16:49:42.406Z
5652,2020-06-03T16:49:42.406Z
5147,2020-06-03T16:49:42.406Z
3417,2020-06-03T16:49:42.406Z
5746,2020-06-03T16:49:42.406Z
5941,2020-06-03T16:49:42.406Z
6368,2020-10-24T17:43:27.803Z
6362,2020-10-20T14:32:22.894Z
5669,2020-06-03T16:49:42.406Z
6602,2021-03-12T15:56:27.548Z
3706,2020-06-03T16:49:42.406Z
5102,2020-06-03T16:49:42.406Z
5513,2020-06-03T16:49:42.406Z
5695,2020-06-03T16:49:42.406Z
6251,2020-06-03T16:49:42.406Z
5056,2020-06-03T16:49:42.406Z
6199,2020-06-03T16:49:42.406Z
3102,2020-06-03T16:49:42.406Z
3558,2020-06-03T16:49:42.406Z
3611,2020-06-03T16:49:42.406Z
3333,2020-06-03T16:49:42.406Z
3055,2020-06-03T16:49:42.406Z
3837,2020-06-03T16:49:42.406Z
3674,2020-06-03T16:49:42.406Z
5059,2020-06-03T16:49:42.406Z
6240,2020-06-03T16:49:42.406Z
6459,2021-01-18T20:49:46.881Z
6588,2021-03-07T15:51:44.968Z
2609,2020-06-03T16:49:42.406Z
6065,2020-06-03T16:49:42.406Z
3545,2020-06-03T16:49:42.406Z
5602,2020-06-03T16:49:42.406Z
3877,2020-06-03T16:49:42.406Z
2807,2020-06-03T16:49:42.406Z
3615,2020-06-03T16:49:42.406Z
5120,2020-06-03T16:49:42.406Z
2913,2020-06-03T16:49:42.406Z
6525,2021-03-01T11:11:00.978Z
6141,2020-06-03T16:49:42.406Z
3028,2020-06-03T16:49:42.406Z
3940,2020-06-03T16:49:42.406Z
2930,2020-06-03T16:49:42.406Z
2388,2020-06-03T16:49:42.406Z
3709,2020-06-03T16:49:42.406Z
6210,2020-06-03T16:49:42.406Z
3576,2020-06-03T16:49:42.406Z
5910,2020-06-03T16:49:42.406Z
3701,2020-06-03T16:49:42.406Z
5417,2020-06-03T16:49:42.406Z
3415,2020-06-03T16:49:42.406Z
3583,2020-06-03T16:49:42.406Z
5358,2020-06-03T16:49:42.406Z
3422,2020-06-03T16:49:42.406Z
3193,2020-06-03T16:49:42.406Z
5957,2020-06-03T16:49:42.406Z
3103,2020-06-03T16:49:42.406Z
3603,2020-06-03T16:49:42.406Z
6033,2020-06-03T16:49:42.406Z
3783,2020-06-03T16:49:42.406Z
5075,2020-06-03T16:49:42.406Z
5375,2020-06-03T16:49:42.406Z
3052,2020-06-03T16:49:42.406Z
5464,2020-06-03T16:49:42.406Z
3263,2020-06-03T16:49:42.406Z
2928,2020-06-03T16:49:42.406Z
3737,2020-06-03T16:49:42.406Z
6407,2020-11-01T15:59:44.026Z
2654,2020-06-03T16:49:42.406Z
5573,2020-06-03T16:49:42.406Z
2612,2020-06-03T16:49:42.406Z
5969,2020-06-03T16:49:42.406Z
2881,2020-06-03T16:49:42.406Z
5145,2020-06-03T16:49:42.406Z
3379,2020-06-03T16:49:42.406Z
6207,2020-06-03T16:49:42.406Z
1896,2020-06-03T16:49:42.406Z
6014,2020-06-03T16:49:42.406Z
3077,2020-06-03T16:49:42.406Z
3337,2020-06-03T16:49:42.406Z
6075,2020-06-03T16:49:42.406Z
2489,2020-06-03T16:49:42.406Z
5541,2020-06-03T16:49:42.406Z
3952,2020-06-03T16:49:42.406Z
2766,2020-06-03T16:49:42.406Z
3312,2020-06-03T16:49:42.406Z
5448,2020-06-03T16:49:42.406Z
2998,2020-06-03T16:49:42.406Z
3851,2020-06-03T16:49:42.406Z
2919,2020-06-03T16:49:42.406Z
3802,2020-06-03T16:49:42.406Z
3321,2020-06-03T16:49:42.406Z
6542,2021-03-06T11:37:43.595Z
3689,2020-06-03T16:49:42.406Z
3778,2020-06-03T16:49:42.406Z
6139,2020-06-03T16:49:42.406Z
3910,2020-06-03T16:49:42.406Z
1840,2020-06-03T16:49:42.406Z
5367,2020-06-03T16:49:42.406Z
5954,2020-06-03T16:49:42.406Z
5494,2020-06-03T16:49:42.406Z
5524,2020-06-03T16:49:42.406Z
3671,2020-06-03T16:49:42.406Z
3091,2020-06-03T16:49:42.406Z
5260,2020-06-03T16:49:42.406Z
5411,2020-06-03T16:49:42.406Z
2986,2020-06-03T16:49:42.406Z
5662,2020-06-03T16:49:42.406Z
5536,2020-06-03T16:49:42.406Z
5612,2020-06-03T16:49:42.406Z
5022,2020-06-03T16:49:42.406Z
5442,2020-06-03T16:49:42.406Z
1592,2020-06-03T16:49:42.406Z
5176,2020-06-03T16:49:42.406Z
5868,2020-06-03T16:49:42.406Z
3373,2020-06-03T16:49:42.406Z
6097,2020-06-03T16:49:42.406Z